CREATE USER 'pj2'@'%' IDENTIFIED WITH mysql_native_password BY 'mysql';
GRANT ALL PRIVILEGES ON *.* TO 'pj2'@'%';
FLUSH PRIVILEGES;
-- MySQL Script generated by MySQL Workbench
-- Thu Feb  1 19:42:21 2024
-- Model: New Model    Version: 1.0
-- MySQL Workbench Forward Engineering

SET @OLD_UNIQUE_CHECKS=@@UNIQUE_CHECKS, UNIQUE_CHECKS=0;
SET @OLD_FOREIGN_KEY_CHECKS=@@FOREIGN_KEY_CHECKS, FOREIGN_KEY_CHECKS=0;
SET @OLD_SQL_MODE=@@SQL_MODE, SQL_MODE='ONLY_FULL_GROUP_BY,STRICT_TRANS_TABLES,NO_ZERO_IN_DATE,NO_ZERO_DATE,ERROR_FOR_DIVISION_BY_ZERO,NO_ENGINE_SUBSTITUTION';
SET time_zone = '+07:00';
-- -----------------------------------------------------
-- Schema sasit
-- -----------------------------------------------------
DROP SCHEMA IF EXISTS `sasit` ;

-- -----------------------------------------------------
-- Schema sasit
-- -----------------------------------------------------
CREATE SCHEMA IF NOT EXISTS `sasit` DEFAULT CHARACTER SET utf8 ;
USE `sasit` ;

-- -----------------------------------------------------
-- Table `sasit`.`student_profile`
-- -----------------------------------------------------
CREATE TABLE IF NOT EXISTS `sasit`.`student_profile` (
  `std_id` BIGINT(20) NOT NULL,
  `std_firstname` VARCHAR(45) NOT NULL,
  `std_lastname` VARCHAR(45) NOT NULL,
  `std_major` VARCHAR(5) NOT NULL,
  `std_email` VARCHAR(50) NOT NULL,
  PRIMARY KEY (`std_id`))
ENGINE = InnoDB;
-- -----------------------------------------------------
-- Table `sasit`.`admin_profile`
-- -----------------------------------------------------
CREATE TABLE IF NOT EXISTS `sasit`.`admin_profile` (
  `admin_id` INT NOT NULL AUTO_INCREMENT,
  `admin_firstname` VARCHAR(45) NOT NULL,
  `admin_lastname` VARCHAR(45) NOT NULL,
  `admin_username` VARCHAR(45) NOT NULL,
  `admin_password` VARCHAR(256) NOT NULL,
  PRIMARY KEY (`admin_id`))
ENGINE = InnoDB;
-- -----------------------------------------------------
-- Table `sasit`.`staff_profile`
-- -----------------------------------------------------
CREATE TABLE IF NOT EXISTS `sasit`.`staff_profile` (
  `staff_id` BIGINT(20) NOT NULL,
  `staff_firstname` VARCHAR(45) NOT NULL,
  `staff_lastname` VARCHAR(45) NOT NULL,
  PRIMARY KEY (`staff_id`))
ENGINE = InnoDB;
-- -----------------------------------------------------
-- Table `sasit`.`lecturer`
-- -----------------------------------------------------
CREATE TABLE IF NOT EXISTS `sasit`.`lecturer` (
  `lecturer_id` BIGINT(20) NOT NULL,
  `lecturer_firstname` VARCHAR(45) NOT NULL,
  `lecturer_lastname` VARCHAR(45) NOT NULL,
  PRIMARY KEY (`lecturer_id`))
ENGINE = InnoDB;
-- -----------------------------------------------------
-- Table `sasit`.`subject`
-- -----------------------------------------------------
CREATE TABLE IF NOT EXISTS `sasit`.`subject` (
  `subject_id` VARCHAR(10) NOT NULL,
  `subject_title` VARCHAR(100) NOT NULL,
  `subject_description` VARCHAR(600) NOT NULL,
  PRIMARY KEY (`subject_id`))
ENGINE = InnoDB;
-- -----------------------------------------------------
-- Table `sasit`.`title`
-- -----------------------------------------------------
CREATE TABLE IF NOT EXISTS `sasit`.`title` (
  `title_id` INT NOT NULL AUTO_INCREMENT,
  `title` VARCHAR(45) NOT NULL,
  `title_description` VARCHAR(100) NULL,
  `full_score` FLOAT NOT NULL,
  PRIMARY KEY (`title_id`))
ENGINE = InnoDB;
-- -----------------------------------------------------
-- Table `sasit`.`classes`
-- -----------------------------------------------------
CREATE TABLE IF NOT EXISTS `sasit`.`classes` (
  `subject_id` VARCHAR(10) NOT NULL,
  `class_id` INT NOT NULL AUTO_INCREMENT,
  `academic_year` INT NOT NULL,
  `semester` INT NOT NULL,
  `sec` INT NOT NULL,
  `class_description` VARCHAR(500) NULL,
  INDEX `fk_classes_subject1_idx` (`subject_id` ASC) VISIBLE,
  PRIMARY KEY (`class_id`),
  CONSTRAINT `fk_classes_subject1`
    FOREIGN KEY (`subject_id`)
    REFERENCES `sasit`.`subject` (`subject_id`)
    ON DELETE NO ACTION
    ON UPDATE NO ACTION)
ENGINE = InnoDB;
-- -----------------------------------------------------
-- Table `sasit`.`scores`
-- -----------------------------------------------------
CREATE TABLE IF NOT EXISTS `sasit`.`scores` (
  `scores` FLOAT NOT NULL,
  `note` VARCHAR(400) NULL,
  `score_id` INT NOT NULL AUTO_INCREMENT,
  `title_id` INT NOT NULL,
  `last_update` TIMESTAMP DEFAULT CURRENT_TIMESTAMP,
  `std_id` BIGINT(20) NOT NULL,
  `class_id` INT NOT NULL,
  `score_percentage` FLOAT NOT NULL,
  PRIMARY KEY (`score_id`),
  INDEX `fk_scores_title1_idx` (`title_id` ASC) VISIBLE,
  INDEX `fk_scores_student_profile1_idx` (`std_id` ASC) VISIBLE,
  INDEX `fk_scores_classes1_idx` (`class_id` ASC) VISIBLE,
  CONSTRAINT `fk_scores_title1`
    FOREIGN KEY (`title_id`)
    REFERENCES `sasit`.`title` (`title_id`)
    ON DELETE NO ACTION
    ON UPDATE NO ACTION,
  CONSTRAINT `fk_scores_student_profile1`
    FOREIGN KEY (`std_id`)
    REFERENCES `sasit`.`student_profile` (`std_id`)
    ON DELETE NO ACTION
    ON UPDATE NO ACTION,
  CONSTRAINT `fk_scores_classes1`
    FOREIGN KEY (`class_id`)
    REFERENCES `sasit`.`classes` (`class_id`)
    ON DELETE NO ACTION
    ON UPDATE NO ACTION)
ENGINE = InnoDB;
-- ----------------------------------------------------
-- Table `sasit`.`enrollments`
-- -----------------------------------------------------
CREATE TABLE IF NOT EXISTS `sasit`.`enrollments` (
  `student_id` BIGINT(20) NOT NULL,
  `class_id` INT NOT NULL,
  `enrollment_id` INT NOT NULL AUTO_INCREMENT,
  INDEX `fk_student_profile_has_classes_classes1_idx` (`class_id` ASC) VISIBLE,
  INDEX `fk_student_profile_has_classes_student_profile1_idx` (`student_id` ASC) VISIBLE,
  PRIMARY KEY (`enrollment_id`),
  CONSTRAINT `fk_student_profile_has_classes_student_profile1`
    FOREIGN KEY (`student_id`)
    REFERENCES `sasit`.`student_profile` (`std_id`)
    ON DELETE NO ACTION
    ON UPDATE NO ACTION,
  CONSTRAINT `fk_student_profile_has_classes_classes1`
    FOREIGN KEY (`class_id`)
    REFERENCES `sasit`.`classes` (`class_id`)
    ON DELETE NO ACTION
    ON UPDATE NO ACTION)
ENGINE = InnoDB;
-- -----------------------------------------------------
-- Table `sasit`.`classes_supervisor`
-- -----------------------------------------------------
CREATE TABLE IF NOT EXISTS `sasit`.`classes_supervisor` (
  `lecturer_id` BIGINT(20) NOT NULL,
  `class_id` INT NOT NULL,
  PRIMARY KEY (`lecturer_id`, `class_id`),
  INDEX `fk_lecturer_has_classes_classes1_idx` (`class_id` ASC) VISIBLE,
  INDEX `fk_lecturer_has_classes_lecturer1_idx` (`lecturer_id` ASC) VISIBLE,
  CONSTRAINT `fk_lecturer_has_classes_lecturer1`
    FOREIGN KEY (`lecturer_id`)
    REFERENCES `sasit`.`lecturer` (`lecturer_id`)
    ON DELETE NO ACTION
    ON UPDATE NO ACTION,
  CONSTRAINT `fk_lecturer_has_classes_classes1`
    FOREIGN KEY (`class_id`)
    REFERENCES `sasit`.`classes` (`class_id`)
    ON DELETE NO ACTION
    ON UPDATE NO ACTION)
ENGINE = InnoDB;
-- -----------------------------------------------------
-- Table `sasit`.`staff_supervisor`
-- -----------------------------------------------------
CREATE TABLE IF NOT EXISTS `sasit`.`staff_supervisor` (
  `class_id` INT NOT NULL,
  `staff_id` BIGINT(20) NOT NULL,
  PRIMARY KEY (`class_id`, `staff_id`),
  INDEX `fk_classes_has_staff_profile_staff_profile1_idx` (`staff_id` ASC) VISIBLE,
  INDEX `fk_classes_has_staff_profile_classes1_idx` (`class_id` ASC) VISIBLE,
  CONSTRAINT `fk_classes_has_staff_profile_classes1`
    FOREIGN KEY (`class_id`)
    REFERENCES `sasit`.`classes` (`class_id`)
    ON DELETE NO ACTION
    ON UPDATE NO ACTION,
  CONSTRAINT `fk_classes_has_staff_profile_staff_profile1`
    FOREIGN KEY (`staff_id`)
    REFERENCES `sasit`.`staff_profile` (`staff_id`)
    ON DELETE NO ACTION
    ON UPDATE NO ACTION)
ENGINE = InnoDB;

SET SQL_MODE=@OLD_SQL_MODE;
SET FOREIGN_KEY_CHECKS=@OLD_FOREIGN_KEY_CHECKS;
SET UNIQUE_CHECKS=@OLD_UNIQUE_CHECKS;

-- insert student_profile
INSERT INTO student_profile
VALUES (63130500086, "Pichaya", "Pairin" ,"IT" ,"pichaya.game@mail.kmutt.ac.th");
INSERT INTO student_profile
VALUES (63130500105, "Wareewan", "Pongpunchaikul" ,"IT" ,"wareewan.band@mail.kmutt.ac.th");
INSERT INTO student_profile
VALUES (63130500119, "Siraphop", "Pattaragatewit" ,"IT" ,"siraphop.p@mail.kmutt.ac.th");
INSERT INTO student_profile
VALUES (63130500082, "Piyamon", "Suddee" ,"IT" ,"piyamon.test@mail.kmutt.ac.th");
INSERT INTO student_profile
VALUES (63130500116, "Sarisa ", "Phulakorn" ,"IT" ,"sarisa.beam@mail.kmutt.ac.th");
INSERT INTO student_profile	
VALUES (63130500121, "SUTHIPONG", "SHANAMOON" ,"IT" ,"suthipong.tod@mail.kmutt.ac.th");
INSERT INTO student_profile	
VALUES (63130500123, "SUPICHAYA", "MUENNUCH" ,"IT" ,"supichaya.sit@mail.kmutt.ac.th");
INSERT INTO student_profile	
VALUES (63130500134, "Arisa", "Audomkhachonkitti" ,"IT" ,"suthipong.tod@mail.kmutt.ac.th");
-- insert lecture
INSERT INTO lecturer
VALUES (1001, "pichet", "limvajiranan" );
INSERT INTO lecturer
VALUES (1002, "OLARN", "ROJANAPORNPUN" );
INSERT INTO lecturer
VALUES (1003, "SUNISA", "SATHAPORNVAJANA" );
INSERT INTO lecturer
VALUES (1004, "UMAPORN", "SUPASITTHIMETHEE" );
INSERT INTO lecturer
VALUES (1005, "SIAM", "YAMSAENGSUNG" );
INSERT INTO lecturer
VALUES (1006, "Nantapong", "Keandoungchun" );
INSERT INTO lecturer
VALUES (63130500029, "nattakorn", "chotpattarajinda");
-- insert staff_profile
INSERT INTO staff_profile
VALUES (63130500144, "Phuchit", "Uappapunsetty" );
INSERT INTO staff_profile
VALUES (63130500805, "Emily", "Johnson" );
INSERT INTO staff_profile
VALUES (63130500806, "Benjamin", "Parker" );
INSERT INTO staff_profile
VALUES (63130500807, "Olivia", "Angerson" );
INSERT INTO staff_profile
VALUES (63130500808, "Sophia", "Roberts" );
-- insert admin profile
INSERT INTO admin_profile 
(`admin_firstname`, `admin_lastname`, `admin_username`, `admin_password`) VALUES
('sasit_1', 'admin', 'sasit1_admin', 'U2FsdGVkX18hY6+HwKlDdRSwcEXQUAOnNEyQ1qss4S4=');
INSERT INTO admin_profile 
(`admin_firstname`, `admin_lastname`, `admin_username`, `admin_password`) VALUES
('sasit_2', 'admin', 'sasit2_admin', 'U2FsdGVkX18hY6+HwKlDdRSwcEXQUAOnNEyQ1qss4S4=');
INSERT INTO admin_profile 
(`admin_firstname`, `admin_lastname`, `admin_username`, `admin_password`) VALUES
('sasit_3', 'admin', 'sasit3_admin', 'U2FsdGVkX18hY6+HwKlDdRSwcEXQUAOnNEyQ1qss4S4=');
-- insert subject
INSERT INTO subject
VALUES ("INT100", "Information Technology Fundamentals","-");
INSERT INTO subject
VALUES ("INT101", "Programming Fundamentals","-");
INSERT INTO subject
VALUES ("INT102", "Web Technology","-");
INSERT INTO subject
VALUES ("INT114", "Discrete Mathematics for Information Technology","-");
INSERT INTO subject
VALUES ("INT103", "Advanced Programming","-");
INSERT INTO subject
VALUES ("INT104", "User Experience Design","-");
INSERT INTO subject
VALUES ("INT105", "Basic SQL","-");
INSERT INTO subject
VALUES ("INT107", "Computing Platforms Technology","-");
INSERT INTO subject
VALUES ("INT200", "Data Structures and Algorithms","-");
INSERT INTO subject
VALUES ("GEN121", "Learning and Problem Solving Skills","-");
INSERT INTO subject
VALUES ("LNG202", "Basic Reading for Science and Technology","-");
INSERT INTO subject
VALUES ("INT201", "Client-Side Web Programming I","-");
INSERT INTO subject
VALUES ("INT202", "Serevr-Side Web Programming I","-");
INSERT INTO subject
VALUES ("INT205", "Database Management System","-");
INSERT INTO subject
VALUES ("INT207", "Network I","-");
INSERT INTO subject
VALUES ("INT214", "Statistics for Information Technology","-");
INSERT INTO subject
VALUES ("INT203", "Client-Side Web Programming II","-");
INSERT INTO subject
VALUES ("INT204", "Serevr-Side Web Programming II","-");
INSERT INTO subject
VALUES ("INT206", "Advanced Database","Internal database structure, indexing, table partitioning, clustering, database replication, query optimization, database security, transaction management and concurrency control.");
INSERT INTO subject
VALUES ("INT208", "Network II","-");
INSERT INTO subject
VALUES ("INT209", "Development and Operations (DevOps)","DevOps concepts, software development management tools such as Circle CI and Jenkins, container technology, automated deployment tools");
INSERT INTO subject
VALUES ("INT210", "Architecture, Integration and Deployment)","-");
INSERT INTO subject
VALUES ("INT221", "Integrated Information Technology Project I","-");
INSERT INTO subject
VALUES ("INT222", "Integrated Information Technology Project II","-");
INSERT INTO subject
VALUES ("INT305", "Semi-structured and Unstructured Data Management","โครงสร้างข้อมูลแบบเอกซ์เอ็มแอล เมต้าดาต้า ข้อมูลแบบกึ่งโครงสร้าง ความแตกต่างระหว่างเอกสารเอกซ์เอ็มแอลที่มีรูปแบบถูกต้อง และเอกสารเอกซ์เอ็มแอลที่ถูกต้องสมบูรณ์ การใช้คำนิยามชนิดเอกสาร การสร้างข้อกำหนดเอกสารสำหรับโครงสร้างข้อมูล เนมสเปซ เอกซ์เอสแอล เอกซ์เอสแอลที เอกซ์พาธ์ท และเอกซ์คิวรี โครงสร้างข้อมูลแบบโนเอสคิวแอล ความแตกต่างระหว่างโนเอสคิวแอลและเอสคิวแอล โนเอสคิวแอลประเภทต่างๆ การเลือกประเภทของโนเอสคิวแอลให้เหมาะกับลักษณะงานที่ต้องการ การจัดเก็บและแลกเปลี่ยนข้อมูลด้วยรูปแบบเจสัน");
INSERT INTO subject
VALUES ("INT307", "Security I","-");
INSERT INTO subject
VALUES ("INT314", "Applied Mathematics for Data Science","-");
INSERT INTO subject
VALUES ("INT308", "SECURITY II","บริการด้านความมั่นคง กลไกและมาตรการตอบโต้การบุกรุก คุณสมบัติด้านความมั่นคง ลักษณะการบุกรุกและวิธีตรวจสอบ ระบบที่เชื่อมั่นได้สูง จุดอ่อน การคุกคามและความเสี่ยง การเข้ารหัสลับเบื้องต้น จุดอ่อนของระบบเว็บและโมบาย");
INSERT INTO subject
VALUES ("INT319", "Information Technology Professional Practice","-");
INSERT INTO subject
VALUES ("INT321", "Information Technology Seminar I","-");
INSERT INTO subject
VALUES ("INT339", "Preparation for Career Training","-");
INSERT INTO subject
VALUES ("INT340", "Career Training","-");
INSERT INTO subject
VALUES ("INT365-371", "Capstone Information Technology Project I","โครงงานรวบยอดเทคโนโลยีสารสนเทศสำหรับนักศึกษาปี 3 เทอม 2 การนำเสนอโครงงาน การศึกษาความเป็นไปได้ การวิเคราะห์และออกแบบ การพัฒนา รายงานและการนำเสนอผลงาน");
INSERT INTO subject
VALUES ("INT366-372", "Capstone Information Technology Project II",
"Information technology capstone project for senior students, continuation of Information Technology capstone Project I (INT 365), complete the implementation, testing, deployment, report and project presentation");
INSERT INTO subject
VALUES ("INT322", "Information Technology Seminar II","-");
INSERT INTO subject
VALUES ("INT350", "Cooperative Study (16 สัปดาห์)","-");
INSERT INTO subject
VALUES ("INT370", "Work Integrated Learning (24 สัปดาห์)","-");
-- insert classes
INSERT INTO classes (subject_id,`academic_year`,`semester`,`sec`) VALUES 
("INT100",2563,1,1);
INSERT INTO classes (subject_id,`academic_year`,`semester`,`sec`) VALUES 
("INT100",2563,1,2);
INSERT INTO classes (subject_id,`academic_year`,`semester`,`sec`) VALUES 
("INT101",2563,1,1);
INSERT INTO classes (subject_id,`academic_year`,`semester`,`sec`) VALUES 
("INT101",2563,1,2);
INSERT INTO classes (subject_id,`academic_year`,`semester`,`sec`) VALUES 
("INT102",2563,1,1);
INSERT INTO classes (subject_id,`academic_year`,`semester`,`sec`) VALUES 
("INT102",2563,1,2);
INSERT INTO classes (subject_id,`academic_year`,`semester`,`sec`) VALUES 
("INT114",2563,1,1);
INSERT INTO classes (subject_id,`academic_year`,`semester`,`sec`) VALUES 
("INT114",2563,1,2);
INSERT INTO classes (subject_id,`academic_year`,`semester`,`sec`) VALUES 
("INT103",2563,2,1);
INSERT INTO classes (subject_id,`academic_year`,`semester`,`sec`) VALUES 
("INT103",2563,2,2);
INSERT INTO classes (subject_id,`academic_year`,`semester`,`sec`) VALUES 
("INT104",2563,2,1);
INSERT INTO classes (subject_id,`academic_year`,`semester`,`sec`) VALUES 
("INT104",2563,2,2);
INSERT INTO classes (subject_id,`academic_year`,`semester`,`sec`) VALUES 
("INT105",2563,2,1);
INSERT INTO classes (subject_id,`academic_year`,`semester`,`sec`) VALUES 
("INT105",2563,2,2);
INSERT INTO classes (subject_id,`academic_year`,`semester`,`sec`) VALUES 
("INT107",2563,2,1);
INSERT INTO classes (subject_id,`academic_year`,`semester`,`sec`) VALUES 
("INT107",2563,2,2);
INSERT INTO classes (subject_id,`academic_year`,`semester`,`sec`) VALUES 
("INT200",2563,2,1);
INSERT INTO classes (subject_id,`academic_year`,`semester`,`sec`) VALUES 
("INT200",2563,2,2);
INSERT INTO classes (subject_id,`academic_year`,`semester`,`sec`) VALUES 
("INT201",2564,1,1);
INSERT INTO classes (subject_id,`academic_year`,`semester`,`sec`) VALUES 
("INT201",2564,1,2);
INSERT INTO classes (subject_id,`academic_year`,`semester`,`sec`) VALUES 
("INT202",2564,1,1);
INSERT INTO classes (subject_id,`academic_year`,`semester`,`sec`) VALUES 
("INT202",2564,1,2);
INSERT INTO classes (subject_id,`academic_year`,`semester`,`sec`) VALUES 
("INT205",2564,1,1);
INSERT INTO classes (subject_id,`academic_year`,`semester`,`sec`) VALUES 
("INT205",2564,1,2);
INSERT INTO classes (subject_id,`academic_year`,`semester`,`sec`) VALUES 
("INT207",2564,1,1);
INSERT INTO classes (subject_id,`academic_year`,`semester`,`sec`) VALUES 
("INT207",2564,1,2);
INSERT INTO classes (subject_id,`academic_year`,`semester`,`sec`) VALUES 
("INT214",2564,1,1);
INSERT INTO classes (subject_id,`academic_year`,`semester`,`sec`) VALUES 
("INT214",2564,1,2);
INSERT INTO classes (subject_id,`academic_year`,`semester`,`sec`) VALUES 
("INT203",2564,2,1);
INSERT INTO classes (subject_id,`academic_year`,`semester`,`sec`) VALUES 
("INT203",2564,2,2);
INSERT INTO classes (subject_id,`academic_year`,`semester`,`sec`) VALUES 
("INT204",2564,2,1);
INSERT INTO classes (subject_id,`academic_year`,`semester`,`sec`) VALUES 
("INT204",2564,2,2);
INSERT INTO classes (subject_id,`academic_year`,`semester`,`sec`) VALUES 
("INT206",2564,2,1);
INSERT INTO classes (subject_id,`academic_year`,`semester`,`sec`) VALUES 
("INT206",2564,2,2);
INSERT INTO classes (subject_id,`academic_year`,`semester`,`sec`) VALUES 
("INT208",2564,2,1);
INSERT INTO classes (subject_id,`academic_year`,`semester`,`sec`) VALUES 
("INT208",2564,2,2);
INSERT INTO classes (subject_id,`academic_year`,`semester`,`sec`) VALUES 
("INT209",2564,2,1);
INSERT INTO classes (subject_id,`academic_year`,`semester`,`sec`) VALUES 
("INT209",2564,2,2);
INSERT INTO classes (subject_id,`academic_year`,`semester`,`sec`) VALUES 
("INT210",2564,2,1);
INSERT INTO classes (subject_id,`academic_year`,`semester`,`sec`) VALUES 
("INT210",2564,2,2);
INSERT INTO classes (subject_id,`academic_year`,`semester`,`sec`) VALUES 
("INT221",2564,2,1);
INSERT INTO classes (subject_id,`academic_year`,`semester`,`sec`) VALUES 
("INT221",2564,2,2);
INSERT INTO classes (subject_id,`academic_year`,`semester`,`sec`) VALUES 
("INT222",2565,1,1);
INSERT INTO classes (subject_id,`academic_year`,`semester`,`sec`) VALUES 
("INT222",2565,1,2);
INSERT INTO classes (subject_id,`academic_year`,`semester`,`sec`) VALUES 
("INT305",2565,1,1);
INSERT INTO classes (subject_id,`academic_year`,`semester`,`sec`) VALUES 
("INT305",2565,1,2);
INSERT INTO classes (subject_id,`academic_year`,`semester`,`sec`) VALUES 
("INT307",2565,1,1);
INSERT INTO classes (subject_id,`academic_year`,`semester`,`sec`) VALUES 
("INT307",2565,1,2);
INSERT INTO classes (subject_id,`academic_year`,`semester`,`sec`) VALUES 
("INT314",2565,1,1);
INSERT INTO classes (subject_id,`academic_year`,`semester`,`sec`) VALUES 
("INT314",2565,1,2);
INSERT INTO classes (subject_id,`academic_year`,`semester`,`sec`) VALUES 
("INT308",2565,2,1);
INSERT INTO classes (subject_id,`academic_year`,`semester`,`sec`) VALUES 
("INT308",2565,2,2);
INSERT INTO classes (subject_id,`academic_year`,`semester`,`sec`) VALUES 
("INT319",2565,2,1);
INSERT INTO classes (subject_id,`academic_year`,`semester`,`sec`) VALUES 
("INT319",2565,2,2);
INSERT INTO classes (subject_id,`academic_year`,`semester`,`sec`) VALUES 
("INT321",2565,2,1);
INSERT INTO classes (subject_id,`academic_year`,`semester`,`sec`) VALUES 
("INT321",2565,2,2);
INSERT INTO classes (subject_id,`academic_year`,`semester`,`sec`) VALUES 
("INT339",2565,2,1);
INSERT INTO classes (subject_id,`academic_year`,`semester`,`sec`) VALUES 
("INT339",2565,2,2);
INSERT INTO classes (subject_id,`academic_year`,`semester`,`sec`) VALUES 
("INT340",2565,2,1);
INSERT INTO classes (subject_id,`academic_year`,`semester`,`sec`) VALUES 
("INT340",2565,2,2);
INSERT INTO classes (subject_id,`academic_year`,`semester`,`sec`) VALUES 
("INT365-371",2565,2,1);
INSERT INTO classes (subject_id,`academic_year`,`semester`,`sec`) VALUES 
("INT365-371",2565,2,2);
INSERT INTO classes (subject_id,`academic_year`,`semester`,`sec`) VALUES 
("INT350",2565,2,1);
INSERT INTO classes (subject_id,`academic_year`,`semester`,`sec`) VALUES 
("INT350",2565,2,2);
INSERT INTO classes (subject_id,`academic_year`,`semester`,`sec`) VALUES 
("INT370",2565,2,1);
INSERT INTO classes (subject_id,`academic_year`,`semester`,`sec`) VALUES 
("INT370",2565,2,2);
INSERT INTO classes (subject_id,`academic_year`,`semester`,`sec`) VALUES 
("INT366-372",2565,2,1);
INSERT INTO classes (subject_id,`academic_year`,`semester`,`sec`) VALUES 
("INT366-372",2565,2,2);
INSERT INTO classes (subject_id,`academic_year`,`semester`,`sec`) VALUES 
("INT365-371",2566,1,1);
INSERT INTO classes (subject_id,`academic_year`,`semester`,`sec`) VALUES 
("INT365-371",2566,1,2);
INSERT INTO classes (subject_id,`academic_year`,`semester`,`sec`) VALUES 
("INT366-372",2566,2,1);
INSERT INTO classes (subject_id,`academic_year`,`semester`,`sec`) VALUES 
("INT366-372",2566,2,2);
INSERT INTO classes (subject_id,`academic_year`,`semester`,`sec`) VALUES 
("INT322",2566,2,1);
INSERT INTO classes (subject_id,`academic_year`,`semester`,`sec`) VALUES 
("INT322",2566,2,2);
INSERT INTO classes (subject_id,`academic_year`,`semester`,`sec`) VALUES 
("INT308",2566,2,1);
INSERT INTO classes (subject_id,`academic_year`,`semester`,`sec`) VALUES 
("INT308",2566,2,2);
INSERT INTO classes (subject_id,`academic_year`,`semester`,`sec`) VALUES 
("INT319",2566,2,1);
INSERT INTO classes (subject_id,`academic_year`,`semester`,`sec`) VALUES 
("INT319",2566,2,2);
-- insert enrollments
INSERT INTO enrollments (student_id, class_id) VALUES
(63130500086, 70); -- INT365-371 sec 2/2566(1)
INSERT INTO enrollments (student_id, class_id) VALUES
(63130500086, 72); -- INT366-372 sec 2/2566(2)
INSERT INTO enrollments (student_id, class_id) VALUES
(63130500086, 74); -- INT322 sec 2/2566(2)
INSERT INTO enrollments (student_id, class_id) VALUES
(63130500086, 75); -- INT308 sec 1/2566(2)
INSERT INTO enrollments (student_id, class_id) VALUES
(63130500086, 78); -- INT319 sec 2/2566(2)
INSERT INTO enrollments (student_id, class_id) VALUES
(63130500086, 44); -- INT222 sec 2/2565(1)
INSERT INTO enrollments (student_id, class_id) VALUES
(63130500086, 46); -- INT305 sec 2/2565(1)
INSERT INTO enrollments (student_id, class_id) VALUES
(63130500086, 48); -- INT307 sec 2/2565(1)
INSERT INTO enrollments (student_id, class_id) VALUES
(63130500086, 50); -- INT314 sec 2/2565(1)
INSERT INTO enrollments (student_id, class_id) VALUES
(63130500086, 46); -- INT305 sec 2/2565(1)
INSERT INTO enrollments (student_id, class_id) VALUES
(63130500086, 20); -- INT201 sec 2/2564(1)
INSERT INTO enrollments (student_id, class_id) VALUES
(63130500086, 22); -- INT202 sec 2/2564(1)
INSERT INTO enrollments (student_id, class_id) VALUES
(63130500086, 24); -- INT205 sec 2/2564(1)
INSERT INTO enrollments (student_id, class_id) VALUES
(63130500086, 26); -- INT207 sec 2/2564(1)
INSERT INTO enrollments (student_id, class_id) VALUES
(63130500086, 28); -- INT214 sec 2/2564(1)
INSERT INTO enrollments (student_id, class_id) VALUES
(63130500086, 30); -- INT203 sec 2/2564(2)
INSERT INTO enrollments (student_id, class_id) VALUES
(63130500086, 32); -- INT204 sec 2/2564(2)
INSERT INTO enrollments (student_id, class_id) VALUES
(63130500086, 34); -- INT206 sec 2/2564(2)
INSERT INTO enrollments (student_id, class_id) VALUES
(63130500086, 36); -- INT208 sec 2/2564(2)
INSERT INTO enrollments (student_id, class_id) VALUES
(63130500086, 38); -- INT209 sec 2/2564(2)
INSERT INTO enrollments (student_id, class_id) VALUES
(63130500086, 40); -- INT210 sec 2/2564(2)
INSERT INTO enrollments (student_id, class_id) VALUES
(63130500086, 42); -- INT221 sec 2/2564(2)
INSERT INTO enrollments (student_id, class_id) VALUES
(63130500086, 2); -- INT100 sec 2/2564(1)
INSERT INTO enrollments (student_id, class_id) VALUES
(63130500086, 4); -- INT101 sec 2/2564(1)
INSERT INTO enrollments (student_id, class_id) VALUES
(63130500086, 6); -- INT102 sec 2/2564(1)
INSERT INTO enrollments (student_id, class_id) VALUES
(63130500086, 8); -- INT114 sec 2/2564(1)
INSERT INTO enrollments (student_id, class_id) VALUES
(63130500086, 10); -- INT103 sec 2/2564(2)
INSERT INTO enrollments (student_id, class_id) VALUES
(63130500086, 12); -- INT104 sec 2/2564(2)
INSERT INTO enrollments (student_id, class_id) VALUES
(63130500086, 14); -- INT105 sec 2/2564(2)
INSERT INTO enrollments (student_id, class_id) VALUES
(63130500086, 16); -- INT107 sec 2/2564(2)
INSERT INTO enrollments (student_id, class_id) VALUES
(63130500086, 18); -- INT200 sec 2/2564(2)
INSERT INTO enrollments (student_id, class_id) VALUES
(63130500105, 70); -- INT365-371 sec 2/2566(1)
INSERT INTO enrollments (student_id, class_id) VALUES
(63130500105, 72); -- INT366-372 sec 2/2566(2)
INSERT INTO enrollments (student_id, class_id) VALUES
(63130500105, 74); -- INT322 sec 2/2566(2)
INSERT INTO enrollments (student_id, class_id) VALUES
(63130500105, 75); -- INT308 sec 1/2566(2)
INSERT INTO enrollments (student_id, class_id) VALUES
(63130500105, 77); -- INT319 sec 1/2566(2)
INSERT INTO enrollments (student_id, class_id) VALUES
(63130500105, 44); -- INT222 sec 2/2565(1)
INSERT INTO enrollments (student_id, class_id) VALUES
(63130500105, 46); -- INT305 sec 2/2565(1)
INSERT INTO enrollments (student_id, class_id) VALUES
(63130500105, 48); -- INT307 sec 2/2565(1)
INSERT INTO enrollments (student_id, class_id) VALUES
(63130500105, 50); -- INT314 sec 2/2565(1)
INSERT INTO enrollments (student_id, class_id) VALUES
(63130500105, 46); -- INT305 sec 2/2565(1)
INSERT INTO enrollments (student_id, class_id) VALUES
(63130500105, 20); -- INT201 sec 2/2564(1)
INSERT INTO enrollments (student_id, class_id) VALUES
(63130500105, 22); -- INT202 sec 2/2564(1)
INSERT INTO enrollments (student_id, class_id) VALUES
(63130500105, 24); -- INT205 sec 2/2564(1)
INSERT INTO enrollments (student_id, class_id) VALUES
(63130500105, 26); -- INT207 sec 2/2564(1)
INSERT INTO enrollments (student_id, class_id) VALUES
(63130500105, 28); -- INT214 sec 2/2564(1)
INSERT INTO enrollments (student_id, class_id) VALUES
(63130500105, 30); -- INT203 sec 2/2564(2)
INSERT INTO enrollments (student_id, class_id) VALUES
(63130500105, 32); -- INT204 sec 2/2564(2)
INSERT INTO enrollments (student_id, class_id) VALUES
(63130500105, 34); -- INT206 sec 2/2564(2)
INSERT INTO enrollments (student_id, class_id) VALUES
(63130500105, 36); -- INT208 sec 2/2564(2)
INSERT INTO enrollments (student_id, class_id) VALUES
(63130500105, 38); -- INT209 sec 2/2564(2)
INSERT INTO enrollments (student_id, class_id) VALUES
(63130500105, 40); -- INT210 sec 2/2564(2)
INSERT INTO enrollments (student_id, class_id) VALUES
(63130500105, 42); -- INT221 sec 2/2564(2)
INSERT INTO enrollments (student_id, class_id) VALUES
(63130500105, 2); -- INT100 sec 2/2564(1)
INSERT INTO enrollments (student_id, class_id) VALUES
(63130500105, 4); -- INT101 sec 2/2564(1)
INSERT INTO enrollments (student_id, class_id) VALUES
(63130500105, 6); -- INT102 sec 2/2564(1)
INSERT INTO enrollments (student_id, class_id) VALUES
(63130500105, 8); -- INT114 sec 2/2564(1)
INSERT INTO enrollments (student_id, class_id) VALUES
(63130500105, 10); -- INT103 sec 2/2564(2)
INSERT INTO enrollments (student_id, class_id) VALUES
(63130500105, 12); -- INT104 sec 2/2564(2)
INSERT INTO enrollments (student_id, class_id) VALUES
(63130500105, 14); -- INT105 sec 2/2564(2)
INSERT INTO enrollments (student_id, class_id) VALUES
(63130500105, 16); -- INT107 sec 2/2564(2)
INSERT INTO enrollments (student_id, class_id) VALUES
(63130500105, 18); -- INT200 sec 2/2564(2)
INSERT INTO enrollments (student_id, class_id) VALUES
(63130500119, 70); -- INT365-371 sec 2/2566(1)
INSERT INTO enrollments (student_id, class_id) VALUES
(63130500119, 72); -- INT366-372 sec 2/2566(2)
INSERT INTO enrollments (student_id, class_id) VALUES
(63130500119, 74); -- INT322 sec 2/2566(2)
INSERT INTO enrollments (student_id, class_id) VALUES
(63130500119, 75); -- INT308 sec 1/2566(2)
INSERT INTO enrollments (student_id, class_id) VALUES
(63130500119, 77); -- INT319 sec 1/2566(2)
INSERT INTO enrollments (student_id, class_id) VALUES
(63130500119, 44); -- INT222 sec 2/2565(1)
INSERT INTO enrollments (student_id, class_id) VALUES
(63130500119, 46); -- INT305 sec 2/2565(1)
INSERT INTO enrollments (student_id, class_id) VALUES
(63130500119, 48); -- INT307 sec 2/2565(1)
INSERT INTO enrollments (student_id, class_id) VALUES
(63130500119, 50); -- INT314 sec 2/2565(1)
INSERT INTO enrollments (student_id, class_id) VALUES
(63130500119, 46); -- INT305 sec 2/2565(1)
INSERT INTO enrollments (student_id, class_id) VALUES
(63130500119, 20); -- INT201 sec 2/2564(1)
INSERT INTO enrollments (student_id, class_id) VALUES
(63130500119, 22); -- INT202 sec 2/2564(1)
INSERT INTO enrollments (student_id, class_id) VALUES
(63130500119, 24); -- INT205 sec 2/2564(1)
INSERT INTO enrollments (student_id, class_id) VALUES
(63130500119, 26); -- INT207 sec 2/2564(1)
INSERT INTO enrollments (student_id, class_id) VALUES
(63130500119, 28); -- INT214 sec 2/2564(1)
INSERT INTO enrollments (student_id, class_id) VALUES
(63130500119, 30); -- INT203 sec 2/2564(2)
INSERT INTO enrollments (student_id, class_id) VALUES
(63130500119, 32); -- INT204 sec 2/2564(2)
INSERT INTO enrollments (student_id, class_id) VALUES
(63130500119, 34); -- INT206 sec 2/2564(2)
INSERT INTO enrollments (student_id, class_id) VALUES
(63130500119, 36); -- INT208 sec 2/2564(2)
INSERT INTO enrollments (student_id, class_id) VALUES
(63130500119, 38); -- INT209 sec 2/2564(2)
INSERT INTO enrollments (student_id, class_id) VALUES
(63130500119, 40); -- INT210 sec 2/2564(2)
INSERT INTO enrollments (student_id, class_id) VALUES
(63130500119, 42); -- INT221 sec 2/2564(2)
INSERT INTO enrollments (student_id, class_id) VALUES
(63130500119, 2); -- INT100 sec 2/2564(1)
INSERT INTO enrollments (student_id, class_id) VALUES
(63130500119, 4); -- INT101 sec 2/2564(1)
INSERT INTO enrollments (student_id, class_id) VALUES
(63130500119, 6); -- INT102 sec 2/2564(1)
INSERT INTO enrollments (student_id, class_id) VALUES
(63130500119, 8); -- INT114 sec 2/2564(1)
INSERT INTO enrollments (student_id, class_id) VALUES
(63130500119, 10); -- INT103 sec 2/2564(2)
INSERT INTO enrollments (student_id, class_id) VALUES
(63130500119, 12); -- INT104 sec 2/2564(2)
INSERT INTO enrollments (student_id, class_id) VALUES
(63130500119, 14); -- INT105 sec 2/2564(2)
INSERT INTO enrollments (student_id, class_id) VALUES
(63130500119, 16); -- INT107 sec 2/2564(2)
INSERT INTO enrollments (student_id, class_id) VALUES
(63130500119, 18); -- INT200 sec 2/2564(2)
INSERT INTO enrollments (student_id, class_id) VALUES
(63130500082, 70); -- INT365-371 sec 2/2566(1)
INSERT INTO enrollments (student_id, class_id) VALUES
(63130500082, 72); -- INT366-372 sec 2/2566(2)
INSERT INTO enrollments (student_id, class_id) VALUES
(63130500082, 74); -- INT322 sec 2/2566(2)
INSERT INTO enrollments (student_id, class_id) VALUES
(63130500082, 75); -- INT308 sec 1/2566(2)
INSERT INTO enrollments (student_id, class_id) VALUES
(63130500082, 77); -- INT319 sec 1/2566(2)
INSERT INTO enrollments (student_id, class_id) VALUES
(63130500082, 44); -- INT222 sec 2/2565(1)
INSERT INTO enrollments (student_id, class_id) VALUES
(63130500082, 46); -- INT305 sec 2/2565(1)
INSERT INTO enrollments (student_id, class_id) VALUES
(63130500082, 48); -- INT307 sec 2/2565(1)
INSERT INTO enrollments (student_id, class_id) VALUES
(63130500082, 50); -- INT314 sec 2/2565(1)
INSERT INTO enrollments (student_id, class_id) VALUES
(63130500082, 46); -- INT305 sec 2/2565(1)
INSERT INTO enrollments (student_id, class_id) VALUES
(63130500082, 20); -- INT201 sec 2/2564(1)
INSERT INTO enrollments (student_id, class_id) VALUES
(63130500082, 22); -- INT202 sec 2/2564(1)
INSERT INTO enrollments (student_id, class_id) VALUES
(63130500082, 24); -- INT205 sec 2/2564(1)
INSERT INTO enrollments (student_id, class_id) VALUES
(63130500082, 26); -- INT207 sec 2/2564(1)
INSERT INTO enrollments (student_id, class_id) VALUES
(63130500082, 28); -- INT214 sec 2/2564(1)
INSERT INTO enrollments (student_id, class_id) VALUES
(63130500082, 30); -- INT203 sec 2/2564(2)
INSERT INTO enrollments (student_id, class_id) VALUES
(63130500082, 32); -- INT204 sec 2/2564(2)
INSERT INTO enrollments (student_id, class_id) VALUES
(63130500082, 34); -- INT206 sec 2/2564(2)
INSERT INTO enrollments (student_id, class_id) VALUES
(63130500082, 36); -- INT208 sec 2/2564(2)
INSERT INTO enrollments (student_id, class_id) VALUES
(63130500082, 38); -- INT209 sec 2/2564(2)
INSERT INTO enrollments (student_id, class_id) VALUES
(63130500082, 40); -- INT210 sec 2/2564(2)
INSERT INTO enrollments (student_id, class_id) VALUES
(63130500082, 42); -- INT221 sec 2/2564(2)
INSERT INTO enrollments (student_id, class_id) VALUES
(63130500082, 2); -- INT100 sec 2/2564(1)
INSERT INTO enrollments (student_id, class_id) VALUES
(63130500082, 4); -- INT101 sec 2/2564(1)
INSERT INTO enrollments (student_id, class_id) VALUES
(63130500082, 6); -- INT102 sec 2/2564(1)
INSERT INTO enrollments (student_id, class_id) VALUES
(63130500082, 8); -- INT114 sec 2/2564(1)
INSERT INTO enrollments (student_id, class_id) VALUES
(63130500082, 10); -- INT103 sec 2/2564(2)
INSERT INTO enrollments (student_id, class_id) VALUES
(63130500082, 12); -- INT104 sec 2/2564(2)
INSERT INTO enrollments (student_id, class_id) VALUES
(63130500082, 14); -- INT105 sec 2/2564(2)
INSERT INTO enrollments (student_id, class_id) VALUES
(63130500082, 16); -- INT107 sec 2/2564(2)
INSERT INTO enrollments (student_id, class_id) VALUES
(63130500082, 18); -- INT200 sec 2/2564(2)
INSERT INTO enrollments (student_id, class_id) VALUES
(63130500116, 70); -- INT365-371 sec 2/2566(1)
INSERT INTO enrollments (student_id, class_id) VALUES
(63130500116, 72); -- INT366-372 sec 2/2566(2)
INSERT INTO enrollments (student_id, class_id) VALUES
(63130500116, 74); -- INT322 sec 2/2566(2)
INSERT INTO enrollments (student_id, class_id) VALUES
(63130500116, 75); -- INT308 sec 1/2566(2)
INSERT INTO enrollments (student_id, class_id) VALUES
(63130500116, 77); -- INT319 sec 1/2566(2)
INSERT INTO enrollments (student_id, class_id) VALUES
(63130500116, 44); -- INT222 sec 2/2565(1)
INSERT INTO enrollments (student_id, class_id) VALUES
(63130500116, 46); -- INT305 sec 2/2565(1)
INSERT INTO enrollments (student_id, class_id) VALUES
(63130500116, 48); -- INT307 sec 2/2565(1)
INSERT INTO enrollments (student_id, class_id) VALUES
(63130500116, 50); -- INT314 sec 2/2565(1)
INSERT INTO enrollments (student_id, class_id) VALUES
(63130500116, 46); -- INT305 sec 2/2565(1)
INSERT INTO enrollments (student_id, class_id) VALUES
(63130500116, 20); -- INT201 sec 2/2564(1)
INSERT INTO enrollments (student_id, class_id) VALUES
(63130500116, 22); -- INT202 sec 2/2564(1)
INSERT INTO enrollments (student_id, class_id) VALUES
(63130500116, 24); -- INT205 sec 2/2564(1)
INSERT INTO enrollments (student_id, class_id) VALUES
(63130500116, 26); -- INT207 sec 2/2564(1)
INSERT INTO enrollments (student_id, class_id) VALUES
(63130500116, 28); -- INT214 sec 2/2564(1)
INSERT INTO enrollments (student_id, class_id) VALUES
(63130500116, 30); -- INT203 sec 2/2564(2)
INSERT INTO enrollments (student_id, class_id) VALUES
(63130500116, 32); -- INT204 sec 2/2564(2)
INSERT INTO enrollments (student_id, class_id) VALUES
(63130500116, 34); -- INT206 sec 2/2564(2)
INSERT INTO enrollments (student_id, class_id) VALUES
(63130500116, 36); -- INT208 sec 2/2564(2)
INSERT INTO enrollments (student_id, class_id) VALUES
(63130500116, 38); -- INT209 sec 2/2564(2)
INSERT INTO enrollments (student_id, class_id) VALUES
(63130500116, 40); -- INT210 sec 2/2564(2)
INSERT INTO enrollments (student_id, class_id) VALUES
(63130500116, 42); -- INT221 sec 2/2564(2)
INSERT INTO enrollments (student_id, class_id) VALUES
(63130500116, 2); -- INT100 sec 2/2564(1)
INSERT INTO enrollments (student_id, class_id) VALUES
(63130500116, 4); -- INT101 sec 2/2564(1)
INSERT INTO enrollments (student_id, class_id) VALUES
(63130500116, 6); -- INT102 sec 2/2564(1)
INSERT INTO enrollments (student_id, class_id) VALUES
(63130500116, 8); -- INT114 sec 2/2564(1)
INSERT INTO enrollments (student_id, class_id) VALUES
(63130500116, 10); -- INT103 sec 2/2564(2)
INSERT INTO enrollments (student_id, class_id) VALUES
(63130500116, 12); -- INT104 sec 2/2564(2)
INSERT INTO enrollments (student_id, class_id) VALUES
(63130500116, 14); -- INT105 sec 2/2564(2)
INSERT INTO enrollments (student_id, class_id) VALUES
(63130500116, 16); -- INT107 sec 2/2564(2)
INSERT INTO enrollments (student_id, class_id) VALUES
(63130500116, 18); -- INT200 sec 2/2564(2)
INSERT INTO enrollments (student_id, class_id) VALUES
(63130500121, 70); -- INT365-371 sec 2/2566(1)
INSERT INTO enrollments (student_id, class_id) VALUES
(63130500121, 72); -- INT366-372 sec 2/2566(2)
INSERT INTO enrollments (student_id, class_id) VALUES
(63130500121, 74); -- INT322 sec 2/2566(2)
INSERT INTO enrollments (student_id, class_id) VALUES
(63130500121, 75); -- INT308 sec 1/2566(2)
INSERT INTO enrollments (student_id, class_id) VALUES
(63130500121, 78); -- INT319 sec 2/2566(2)
INSERT INTO enrollments (student_id, class_id) VALUES
(63130500121, 44); -- INT222 sec 2/2565(1)
INSERT INTO enrollments (student_id, class_id) VALUES
(63130500121, 46); -- INT305 sec 2/2565(1)
INSERT INTO enrollments (student_id, class_id) VALUES
(63130500121, 48); -- INT307 sec 2/2565(1)
INSERT INTO enrollments (student_id, class_id) VALUES
(63130500121, 50); -- INT314 sec 2/2565(1)
INSERT INTO enrollments (student_id, class_id) VALUES
(63130500121, 46); -- INT305 sec 2/2565(1)
INSERT INTO enrollments (student_id, class_id) VALUES
(63130500121, 20); -- INT201 sec 2/2564(1)
INSERT INTO enrollments (student_id, class_id) VALUES
(63130500121, 22); -- INT202 sec 2/2564(1)
INSERT INTO enrollments (student_id, class_id) VALUES
(63130500121, 24); -- INT205 sec 2/2564(1)
INSERT INTO enrollments (student_id, class_id) VALUES
(63130500121, 26); -- INT207 sec 2/2564(1)
INSERT INTO enrollments (student_id, class_id) VALUES
(63130500121, 28); -- INT214 sec 2/2564(1)
INSERT INTO enrollments (student_id, class_id) VALUES
(63130500121, 30); -- INT203 sec 2/2564(2)
INSERT INTO enrollments (student_id, class_id) VALUES
(63130500121, 32); -- INT204 sec 2/2564(2)
INSERT INTO enrollments (student_id, class_id) VALUES
(63130500121, 34); -- INT206 sec 2/2564(2)
INSERT INTO enrollments (student_id, class_id) VALUES
(63130500121, 36); -- INT208 sec 2/2564(2)
INSERT INTO enrollments (student_id, class_id) VALUES
(63130500121, 38); -- INT209 sec 2/2564(2)
INSERT INTO enrollments (student_id, class_id) VALUES
(63130500121, 40); -- INT210 sec 2/2564(2)
INSERT INTO enrollments (student_id, class_id) VALUES
(63130500121, 42); -- INT221 sec 2/2564(2)
INSERT INTO enrollments (student_id, class_id) VALUES
(63130500121, 2); -- INT100 sec 2/2564(1)
INSERT INTO enrollments (student_id, class_id) VALUES
(63130500121, 4); -- INT101 sec 2/2564(1)
INSERT INTO enrollments (student_id, class_id) VALUES
(63130500121, 6); -- INT102 sec 2/2564(1)
INSERT INTO enrollments (student_id, class_id) VALUES
(63130500121, 8); -- INT114 sec 2/2564(1)
INSERT INTO enrollments (student_id, class_id) VALUES
(63130500121, 10); -- INT103 sec 2/2564(2)
INSERT INTO enrollments (student_id, class_id) VALUES
(63130500121, 12); -- INT104 sec 2/2564(2)
INSERT INTO enrollments (student_id, class_id) VALUES
(63130500121, 14); -- INT105 sec 2/2564(2)
INSERT INTO enrollments (student_id, class_id) VALUES
(63130500121, 16); -- INT107 sec 2/2564(2)
INSERT INTO enrollments (student_id, class_id) VALUES
(63130500121, 18); -- INT200 sec 2/2564(2)
INSERT INTO enrollments (student_id, class_id) VALUES
(63130500123, 70); -- INT365-371 sec 2/2566(1)
INSERT INTO enrollments (student_id, class_id) VALUES
(63130500123, 72); -- INT366-372 sec 2/2566(2)
INSERT INTO enrollments (student_id, class_id) VALUES
(63130500123, 74); -- INT322 sec 2/2566(2)
INSERT INTO enrollments (student_id, class_id) VALUES
(63130500123, 75); -- INT308 sec 1/2566(2)
INSERT INTO enrollments (student_id, class_id) VALUES
(63130500123, 78); -- INT319 sec 2/2566(2)
INSERT INTO enrollments (student_id, class_id) VALUES
(63130500123, 44); -- INT222 sec 2/2565(1)
INSERT INTO enrollments (student_id, class_id) VALUES
(63130500123, 46); -- INT305 sec 2/2565(1)
INSERT INTO enrollments (student_id, class_id) VALUES
(63130500123, 48); -- INT307 sec 2/2565(1)
INSERT INTO enrollments (student_id, class_id) VALUES
(63130500123, 50); -- INT314 sec 2/2565(1)
INSERT INTO enrollments (student_id, class_id) VALUES
(63130500123, 46); -- INT305 sec 2/2565(1)
INSERT INTO enrollments (student_id, class_id) VALUES
(63130500123, 20); -- INT201 sec 2/2564(1)
INSERT INTO enrollments (student_id, class_id) VALUES
(63130500123, 22); -- INT202 sec 2/2564(1)
INSERT INTO enrollments (student_id, class_id) VALUES
(63130500123, 24); -- INT205 sec 2/2564(1)
INSERT INTO enrollments (student_id, class_id) VALUES
(63130500123, 26); -- INT207 sec 2/2564(1)
INSERT INTO enrollments (student_id, class_id) VALUES
(63130500123, 28); -- INT214 sec 2/2564(1)
INSERT INTO enrollments (student_id, class_id) VALUES
(63130500123, 30); -- INT203 sec 2/2564(2)
INSERT INTO enrollments (student_id, class_id) VALUES
(63130500123, 32); -- INT204 sec 2/2564(2)
INSERT INTO enrollments (student_id, class_id) VALUES
(63130500123, 34); -- INT206 sec 2/2564(2)
INSERT INTO enrollments (student_id, class_id) VALUES
(63130500123, 36); -- INT208 sec 2/2564(2)
INSERT INTO enrollments (student_id, class_id) VALUES
(63130500123, 38); -- INT209 sec 2/2564(2)
INSERT INTO enrollments (student_id, class_id) VALUES
(63130500123, 40); -- INT210 sec 2/2564(2)
INSERT INTO enrollments (student_id, class_id) VALUES
(63130500123, 42); -- INT221 sec 2/2564(2)
INSERT INTO enrollments (student_id, class_id) VALUES
(63130500123, 2); -- INT100 sec 2/2564(1)
INSERT INTO enrollments (student_id, class_id) VALUES
(63130500123, 4); -- INT101 sec 2/2564(1)
INSERT INTO enrollments (student_id, class_id) VALUES
(63130500123, 6); -- INT102 sec 2/2564(1)
INSERT INTO enrollments (student_id, class_id) VALUES
(63130500123, 8); -- INT114 sec 2/2564(1)
INSERT INTO enrollments (student_id, class_id) VALUES
(63130500123, 10); -- INT103 sec 2/2564(2)
INSERT INTO enrollments (student_id, class_id) VALUES
(63130500123, 12); -- INT104 sec 2/2564(2)
INSERT INTO enrollments (student_id, class_id) VALUES
(63130500123, 14); -- INT105 sec 2/2564(2)
INSERT INTO enrollments (student_id, class_id) VALUES
(63130500123, 16); -- INT107 sec 2/2564(2)
INSERT INTO enrollments (student_id, class_id) VALUES
(63130500123, 18); -- INT200 sec 2/2564(2)
INSERT INTO enrollments (student_id, class_id) VALUES
(63130500134, 70); -- INT365-371 sec 2/2566(1)
INSERT INTO enrollments (student_id, class_id) VALUES
(63130500134, 72); -- INT366-372 sec 2/2566(2)
INSERT INTO enrollments (student_id, class_id) VALUES
(63130500134, 74); -- INT322 sec 2/2566(2)
INSERT INTO enrollments (student_id, class_id) VALUES
(63130500134, 75); -- INT308 sec 1/2566(2)
INSERT INTO enrollments (student_id, class_id) VALUES
(63130500134, 78); -- INT319 sec 2/2566(2)
INSERT INTO enrollments (student_id, class_id) VALUES
(63130500134, 44); -- INT222 sec 2/2565(1)
INSERT INTO enrollments (student_id, class_id) VALUES
(63130500134, 46); -- INT305 sec 2/2565(1)
INSERT INTO enrollments (student_id, class_id) VALUES
(63130500134, 48); -- INT307 sec 2/2565(1)
INSERT INTO enrollments (student_id, class_id) VALUES
(63130500134, 50); -- INT314 sec 2/2565(1)
INSERT INTO enrollments (student_id, class_id) VALUES
(63130500134, 46); -- INT305 sec 2/2565(1)
INSERT INTO enrollments (student_id, class_id) VALUES
(63130500134, 20); -- INT201 sec 2/2564(1)
INSERT INTO enrollments (student_id, class_id) VALUES
(63130500134, 22); -- INT202 sec 2/2564(1)
INSERT INTO enrollments (student_id, class_id) VALUES
(63130500134, 24); -- INT205 sec 2/2564(1)
INSERT INTO enrollments (student_id, class_id) VALUES
(63130500134, 26); -- INT207 sec 2/2564(1)
INSERT INTO enrollments (student_id, class_id) VALUES
(63130500134, 28); -- INT214 sec 2/2564(1)
INSERT INTO enrollments (student_id, class_id) VALUES
(63130500134, 30); -- INT203 sec 2/2564(2)
INSERT INTO enrollments (student_id, class_id) VALUES
(63130500134, 32); -- INT204 sec 2/2564(2)
INSERT INTO enrollments (student_id, class_id) VALUES
(63130500134, 34); -- INT206 sec 2/2564(2)
INSERT INTO enrollments (student_id, class_id) VALUES
(63130500134, 36); -- INT208 sec 2/2564(2)
INSERT INTO enrollments (student_id, class_id) VALUES
(63130500134, 38); -- INT209 sec 2/2564(2)
INSERT INTO enrollments (student_id, class_id) VALUES
(63130500134, 40); -- INT210 sec 2/2564(2)
INSERT INTO enrollments (student_id, class_id) VALUES
(63130500134, 42); -- INT221 sec 2/2564(2)
INSERT INTO enrollments (student_id, class_id) VALUES
(63130500134, 2); -- INT100 sec 2/2564(1)
INSERT INTO enrollments (student_id, class_id) VALUES
(63130500134, 4); -- INT101 sec 2/2564(1)
INSERT INTO enrollments (student_id, class_id) VALUES
(63130500134, 6); -- INT102 sec 2/2564(1)
INSERT INTO enrollments (student_id, class_id) VALUES
(63130500134, 8); -- INT114 sec 2/2564(1)
INSERT INTO enrollments (student_id, class_id) VALUES
(63130500134, 10); -- INT103 sec 2/2564(2)
INSERT INTO enrollments (student_id, class_id) VALUES
(63130500134, 12); -- INT104 sec 2/2564(2)
INSERT INTO enrollments (student_id, class_id) VALUES
(63130500134, 14); -- INT105 sec 2/2564(2)
INSERT INTO enrollments (student_id, class_id) VALUES
(63130500134, 16); -- INT107 sec 2/2564(2)
INSERT INTO enrollments (student_id, class_id) VALUES
(63130500134, 18); -- INT200 sec 2/2564(2)
-- insert classes_supervisor
INSERT INTO classes_supervisor VALUES
(63130500029,2);
INSERT INTO classes_supervisor VALUES
(63130500029,4);
INSERT INTO classes_supervisor VALUES
(63130500029,6);
INSERT INTO classes_supervisor VALUES
(63130500029,8);
INSERT INTO classes_supervisor VALUES
(63130500029,10);
INSERT INTO classes_supervisor VALUES
(63130500029,12);
INSERT INTO classes_supervisor VALUES
(63130500029,14);
INSERT INTO classes_supervisor VALUES
(63130500029,16);
INSERT INTO classes_supervisor VALUES
(63130500029,18);
INSERT INTO classes_supervisor VALUES
(63130500029,20);
INSERT INTO classes_supervisor VALUES
(63130500029,22);
INSERT INTO classes_supervisor VALUES
(63130500029,24);
INSERT INTO classes_supervisor VALUES
(63130500029,26);
INSERT INTO classes_supervisor VALUES
(63130500029,28);
INSERT INTO classes_supervisor VALUES
(63130500029,30);
INSERT INTO classes_supervisor VALUES
(63130500029,32);
INSERT INTO classes_supervisor VALUES
(63130500029,34);
INSERT INTO classes_supervisor VALUES
(63130500029,36);
INSERT INTO classes_supervisor VALUES
(63130500029,38);
INSERT INTO classes_supervisor VALUES
(63130500029,40);
INSERT INTO classes_supervisor VALUES
(63130500029,42);
INSERT INTO classes_supervisor VALUES
(63130500029,44);
INSERT INTO classes_supervisor VALUES
(63130500029,46);
INSERT INTO classes_supervisor VALUES
(63130500029,48);
INSERT INTO classes_supervisor VALUES
(63130500029,50);
INSERT INTO classes_supervisor VALUES
(63130500029,70);
INSERT INTO classes_supervisor VALUES
(63130500029,71);
INSERT INTO classes_supervisor VALUES
(63130500029,72);
INSERT INTO classes_supervisor VALUES
(63130500029,73);
INSERT INTO classes_supervisor VALUES
(63130500029,74);
INSERT INTO classes_supervisor VALUES
(63130500029,75);
INSERT INTO classes_supervisor VALUES
(63130500029,76);
INSERT INTO classes_supervisor VALUES
(63130500029,77);
INSERT INTO classes_supervisor VALUES
(63130500029,78);
