CREATE USER 'pj2'@'%' IDENTIFIED WITH mysql_native_password BY 'mysql';
GRANT ALL PRIVILEGES ON *.* TO 'pj2'@'%';
FLUSH PRIVILEGES;
-- MySQL Script generated by MySQL Workbench
-- Thu Feb  1 19:42:21 2024
-- Model: New Model    Version: 1.0
-- MySQL Workbench Forward Engineering

SET @OLD_UNIQUE_CHECKS=@@UNIQUE_CHECKS, UNIQUE_CHECKS=0;
SET @OLD_FOREIGN_KEY_CHECKS=@@FOREIGN_KEY_CHECKS, FOREIGN_KEY_CHECKS=0;
SET @OLD_SQL_MODE=@@SQL_MODE, SQL_MODE='ONLY_FULL_GROUP_BY,STRICT_TRANS_TABLES,NO_ZERO_IN_DATE,NO_ZERO_DATE,ERROR_FOR_DIVISION_BY_ZERO,NO_ENGINE_SUBSTITUTION';
SET time_zone = '+07:00';
-- -----------------------------------------------------
-- Schema sasit
-- -----------------------------------------------------
DROP SCHEMA IF EXISTS `sasit` ;

-- -----------------------------------------------------
-- Schema sasit
-- -----------------------------------------------------
CREATE SCHEMA IF NOT EXISTS `sasit` DEFAULT CHARACTER SET utf8 ;
USE `sasit` ;

-- -----------------------------------------------------
-- Table `sasit`.`student_profile`
-- -----------------------------------------------------
CREATE TABLE IF NOT EXISTS `sasit`.`student_profile` (
  `std_id` BIGINT(20) NOT NULL,
  `std_firstname` VARCHAR(45) NOT NULL,
  `std_lastname` VARCHAR(45) NOT NULL,
  `std_major` VARCHAR(5) NOT NULL,
  `std_email` VARCHAR(50) NOT NULL,
  PRIMARY KEY (`std_id`))
ENGINE = InnoDB;
-- -----------------------------------------------------
-- Table `sasit`.`admin_profile`
-- -----------------------------------------------------
CREATE TABLE IF NOT EXISTS `sasit`.`admin_profile` (
  `admin_id` INT NOT NULL AUTO_INCREMENT,
  `admin_firstname` VARCHAR(45) NOT NULL,
  `admin_lastname` VARCHAR(45) NOT NULL,
  `admin_username` VARCHAR(45) NOT NULL,
  `admin_password` VARCHAR(256) NOT NULL,
  PRIMARY KEY (`admin_id`))
ENGINE = InnoDB;
-- -----------------------------------------------------
-- Table `sasit`.`staff_profile`
-- -----------------------------------------------------
CREATE TABLE IF NOT EXISTS `sasit`.`staff_profile` (
  `staff_id` BIGINT(20) NOT NULL,
  `staff_firstname` VARCHAR(45) NOT NULL,
  `staff_lastname` VARCHAR(45) NOT NULL,
  PRIMARY KEY (`staff_id`))
ENGINE = InnoDB;
-- -----------------------------------------------------
-- Table `sasit`.`lecturer`
-- -----------------------------------------------------
CREATE TABLE IF NOT EXISTS `sasit`.`lecturer` (
  `lecturer_id` BIGINT(20) NOT NULL,
  `lecturer_firstname` VARCHAR(45) NOT NULL,
  `lecturer_lastname` VARCHAR(45) NOT NULL,
  PRIMARY KEY (`lecturer_id`))
ENGINE = InnoDB;
-- -----------------------------------------------------
-- Table `sasit`.`subject`
-- -----------------------------------------------------
CREATE TABLE IF NOT EXISTS `sasit`.`subject` (
  `subject_id` VARCHAR(10) NOT NULL,
  `subject_title` VARCHAR(100) NOT NULL,
  `subject_description` VARCHAR(600) NOT NULL,
  PRIMARY KEY (`subject_id`))
ENGINE = InnoDB;
-- -----------------------------------------------------
-- Table `sasit`.`title`
-- -----------------------------------------------------
CREATE TABLE IF NOT EXISTS `sasit`.`title` (
  `title_id` INT NOT NULL AUTO_INCREMENT,
  `title` VARCHAR(45) NOT NULL,
  `title_description` VARCHAR(100) NULL,
  `full_score` FLOAT NOT NULL,
  PRIMARY KEY (`title_id`))
ENGINE = InnoDB;
-- -----------------------------------------------------
-- Table `sasit`.`classes`
-- -----------------------------------------------------
CREATE TABLE IF NOT EXISTS `sasit`.`classes` (
  `subject_id` VARCHAR(10) NOT NULL,
  `class_id` INT NOT NULL AUTO_INCREMENT,
  `academic_year` INT NOT NULL,
  `semester` INT NOT NULL,
  `sec` INT NOT NULL,
  INDEX `fk_classes_subject1_idx` (`subject_id` ASC) VISIBLE,
  PRIMARY KEY (`class_id`),
  CONSTRAINT `fk_classes_subject1`
    FOREIGN KEY (`subject_id`)
    REFERENCES `sasit`.`subject` (`subject_id`)
    ON DELETE NO ACTION
    ON UPDATE NO ACTION)
ENGINE = InnoDB;
-- -----------------------------------------------------
-- Table `sasit`.`scores`
-- -----------------------------------------------------
CREATE TABLE IF NOT EXISTS `sasit`.`scores` (
  `scores` FLOAT NOT NULL,
  `note` VARCHAR(400) NULL,
  `score_id` INT NOT NULL AUTO_INCREMENT,
  `title_id` INT NOT NULL,
  `last_update` TIMESTAMP DEFAULT CURRENT_TIMESTAMP,
  `std_id` BIGINT(20) NOT NULL,
  `class_id` INT NOT NULL,
  PRIMARY KEY (`score_id`),
  INDEX `fk_scores_title1_idx` (`title_id` ASC) VISIBLE,
  INDEX `fk_scores_student_profile1_idx` (`std_id` ASC) VISIBLE,
  INDEX `fk_scores_classes1_idx` (`class_id` ASC) VISIBLE,
  CONSTRAINT `fk_scores_title1`
    FOREIGN KEY (`title_id`)
    REFERENCES `sasit`.`title` (`title_id`)
    ON DELETE NO ACTION
    ON UPDATE NO ACTION,
  CONSTRAINT `fk_scores_student_profile1`
    FOREIGN KEY (`std_id`)
    REFERENCES `sasit`.`student_profile` (`std_id`)
    ON DELETE NO ACTION
    ON UPDATE NO ACTION,
  CONSTRAINT `fk_scores_classes1`
    FOREIGN KEY (`class_id`)
    REFERENCES `sasit`.`classes` (`class_id`)
    ON DELETE NO ACTION
    ON UPDATE NO ACTION)
ENGINE = InnoDB;
-- ----------------------------------------------------
-- Table `sasit`.`enrollments`
-- -----------------------------------------------------
CREATE TABLE IF NOT EXISTS `sasit`.`enrollments` (
  `student_id` BIGINT(20) NOT NULL,
  `class_id` INT NOT NULL,
  `enrollment_id` INT NOT NULL AUTO_INCREMENT,
  INDEX `fk_student_profile_has_classes_classes1_idx` (`class_id` ASC) VISIBLE,
  INDEX `fk_student_profile_has_classes_student_profile1_idx` (`student_id` ASC) VISIBLE,
  PRIMARY KEY (`enrollment_id`),
  CONSTRAINT `fk_student_profile_has_classes_student_profile1`
    FOREIGN KEY (`student_id`)
    REFERENCES `sasit`.`student_profile` (`std_id`)
    ON DELETE NO ACTION
    ON UPDATE NO ACTION,
  CONSTRAINT `fk_student_profile_has_classes_classes1`
    FOREIGN KEY (`class_id`)
    REFERENCES `sasit`.`classes` (`class_id`)
    ON DELETE NO ACTION
    ON UPDATE NO ACTION)
ENGINE = InnoDB;
-- -----------------------------------------------------
-- Table `sasit`.`classes_supervisor`
-- -----------------------------------------------------
CREATE TABLE IF NOT EXISTS `sasit`.`classes_supervisor` (
  `lecturer_id` BIGINT(20) NOT NULL,
  `class_id` INT NOT NULL,
  PRIMARY KEY (`lecturer_id`, `class_id`),
  INDEX `fk_lecturer_has_classes_classes1_idx` (`class_id` ASC) VISIBLE,
  INDEX `fk_lecturer_has_classes_lecturer1_idx` (`lecturer_id` ASC) VISIBLE,
  CONSTRAINT `fk_lecturer_has_classes_lecturer1`
    FOREIGN KEY (`lecturer_id`)
    REFERENCES `sasit`.`lecturer` (`lecturer_id`)
    ON DELETE NO ACTION
    ON UPDATE NO ACTION,
  CONSTRAINT `fk_lecturer_has_classes_classes1`
    FOREIGN KEY (`class_id`)
    REFERENCES `sasit`.`classes` (`class_id`)
    ON DELETE NO ACTION
    ON UPDATE NO ACTION)
ENGINE = InnoDB;
-- -----------------------------------------------------
-- Table `sasit`.`staff_supervisor`
-- -----------------------------------------------------
CREATE TABLE IF NOT EXISTS `sasit`.`staff_supervisor` (
  `class_id` INT NOT NULL,
  `staff_id` BIGINT(20) NOT NULL,
  PRIMARY KEY (`class_id`, `staff_id`),
  INDEX `fk_classes_has_staff_profile_staff_profile1_idx` (`staff_id` ASC) VISIBLE,
  INDEX `fk_classes_has_staff_profile_classes1_idx` (`class_id` ASC) VISIBLE,
  CONSTRAINT `fk_classes_has_staff_profile_classes1`
    FOREIGN KEY (`class_id`)
    REFERENCES `sasit`.`classes` (`class_id`)
    ON DELETE NO ACTION
    ON UPDATE NO ACTION,
  CONSTRAINT `fk_classes_has_staff_profile_staff_profile1`
    FOREIGN KEY (`staff_id`)
    REFERENCES `sasit`.`staff_profile` (`staff_id`)
    ON DELETE NO ACTION
    ON UPDATE NO ACTION)
ENGINE = InnoDB;

SET SQL_MODE=@OLD_SQL_MODE;
SET FOREIGN_KEY_CHECKS=@OLD_FOREIGN_KEY_CHECKS;
SET UNIQUE_CHECKS=@OLD_UNIQUE_CHECKS;

-- insert student_profile
INSERT INTO student_profile
VALUES (63130500086, "Pichaya", "Pairin" ,"IT" ,"pichaya.game@mail.kmutt.ac.th");
INSERT INTO student_profile
VALUES (63130500105, "Wareewan", "Pongpunchaikul" ,"IT" ,"wareewan.band@mail.kmutt.ac.th");
INSERT INTO student_profile
VALUES (63130500144, "Phuchit", "Uappapunsetty" ,"IT" ,"phuchit.yeti@mail.kmutt.ac.th");
INSERT INTO student_profile
VALUES (63130500119, "Siraphop", "Pattaragatewit" ,"IT" ,"siraphop.p@mail.kmutt.ac.th");
INSERT INTO student_profile
VALUES (63130500082, "Piyamon", "Suddee" ,"IT" ,"piyamon.test@mail.kmutt.ac.th");
INSERT INTO student_profile
VALUES (63130500116, "Sarisa ", "Phulakorn" ,"IT" ,"sarisa.beam@mail.kmutt.ac.th");
INSERT INTO student_profile	
VALUES (63130500121, "SUTHIPONG", "SHANAMOON" ,"IT" ,"suthipong.tod@mail.kmutt.ac.th");
INSERT INTO student_profile	
VALUES (63130500123, "SUPICHAYA", "MUENNUCH" ,"IT" ,"supichaya.sit@mail.kmutt.ac.th");
INSERT INTO student_profile	
VALUES (63130500134, "Arisa", "Audomkhachonkitti" ,"IT" ,"suthipong.tod@mail.kmutt.ac.th");
INSERT INTO student_profile	
VALUES (63130500090, "Pataradanai", "Deeruksa" ,"IT" ,"Pataradanai.Deeruksa@mail.kmutt.ac.th");
-- insert lecture
INSERT INTO lecturer
VALUES (1001, "pichet", "limvajiranan" );
INSERT INTO lecturer
VALUES (1002, "OLARN", "ROJANAPORNPUN" );
INSERT INTO lecturer
VALUES (1003, "SUNISA", "SATHAPORNVAJANA" );
INSERT INTO lecturer
VALUES (1004, "UMAPORN", "SUPASITTHIMETHEE" );
INSERT INTO lecturer
VALUES (1005, "SIAM", "YAMSAENGSUNG" );
INSERT INTO lecturer
VALUES (1006, "Nantapong", "Keandoungchun" );
INSERT INTO lecturer
VALUES (63130500029, "nattakorn", "chotpattarajinda");
-- insert staff_profile
INSERT INTO staff_profile
VALUES (101, "staff_1", "sasit" );
INSERT INTO staff_profile
VALUES (102, "staff_2", "sasit" );
INSERT INTO staff_profile
VALUES (103, "staff_3", "sasit" );
-- insert admin profile
INSERT INTO admin_profile 
(`admin_firstname`, `admin_lastname`, `admin_username`, `admin_password`) VALUES
('sasit_1', 'admin', 'sasit1_admin', 'admin123');
INSERT INTO admin_profile 
(`admin_firstname`, `admin_lastname`, `admin_username`, `admin_password`) VALUES
('sasit_2', 'admin', 'sasit2_admin', 'admin123');
INSERT INTO admin_profile 
(`admin_firstname`, `admin_lastname`, `admin_username`, `admin_password`) VALUES
('sasit_3', 'admin', 'sasit3_admin', 'admin123');
-- insert subject
INSERT INTO subject
VALUES ("INT100", "Information Technology Fundamentals","-");
INSERT INTO subject
VALUES ("INT101", "Programming Fundamentals","-");
INSERT INTO subject
VALUES ("INT102", "Web Technology","-");
INSERT INTO subject
VALUES ("INT114", "Discrete Mathematics for Information Technology","-");
INSERT INTO subject
VALUES ("GEN101", "Physical Education","-");
INSERT INTO subject
VALUES ("GEN111", "Man and Ethics of Living","-");
INSERT INTO subject
VALUES ("LNG120", "General English","This course aims to strengthen the basic knowledge of English.");
INSERT INTO subject
VALUES ("LNG220", "Academic English","-");
INSERT INTO subject
VALUES ("INT103", "Advanced Programming","-");
INSERT INTO subject
VALUES ("INT104", "User Experience Design","-");
INSERT INTO subject
VALUES ("INT105", "Basic SQL","-");
INSERT INTO subject
VALUES ("INT107", "Computing Platforms Technology","-");
INSERT INTO subject
VALUES ("INT200", "Data Structures and Algorithms","-");
INSERT INTO subject
VALUES ("GEN121", "Learning and Problem Solving Skills","-");
INSERT INTO subject
VALUES ("LNG202", "Basic Reading for Science and Technology","-");
INSERT INTO subject
VALUES ("INT201", "Client-Side Web Programming I","-");
INSERT INTO subject
VALUES ("INT202", "Serevr-Side Web Programming I","-");
INSERT INTO subject
VALUES ("INT205", "Database Management System","-");
INSERT INTO subject
VALUES ("INT207", "Network I","-");
INSERT INTO subject
VALUES ("INT214", "Statistics for Information Technology","-");
INSERT INTO subject
VALUES ("GEN231", "Miracle of Thinking","-");
INSERT INTO subject
VALUES ("LNG332", "Business English","-");
INSERT INTO subject
VALUES ("INT203", "Client-Side Web Programming II","-");
INSERT INTO subject
VALUES ("INT204", "Serevr-Side Web Programming II","-");
INSERT INTO subject
VALUES ("INT206", "Advanced Database","Internal database structure, indexing, table partitioning, clustering, database replication, query optimization, database security, transaction management and concurrency control.");
INSERT INTO subject
VALUES ("INT208", "Network II","-");
INSERT INTO subject
VALUES ("INT209", "Development and Operations (DevOps)","DevOps concepts, software development management tools such as Circle CI and Jenkins, container technology, automated deployment tools");
INSERT INTO subject
VALUES ("INT210", "Architecture, Integration and Deployment)","-");
INSERT INTO subject
VALUES ("INT221", "Integrated Information Technology Project I","-");
INSERT INTO subject
VALUES ("LNG308", "Technical Report Writing","-");
INSERT INTO subject
VALUES ("INT222", "Integrated Information Technology Project II","-");
INSERT INTO subject
VALUES ("INT305", "Semi-structured and Unstructured Data Management","โครงสร้างข้อมูลแบบเอกซ์เอ็มแอล เมต้าดาต้า ข้อมูลแบบกึ่งโครงสร้าง ความแตกต่างระหว่างเอกสารเอกซ์เอ็มแอลที่มีรูปแบบถูกต้อง และเอกสารเอกซ์เอ็มแอลที่ถูกต้องสมบูรณ์ การใช้คำนิยามชนิดเอกสาร การสร้างข้อกำหนดเอกสารสำหรับโครงสร้างข้อมูล เนมสเปซ เอกซ์เอสแอล เอกซ์เอสแอลที เอกซ์พาธ์ท และเอกซ์คิวรี โครงสร้างข้อมูลแบบโนเอสคิวแอล ความแตกต่างระหว่างโนเอสคิวแอลและเอสคิวแอล โนเอสคิวแอลประเภทต่างๆ การเลือกประเภทของโนเอสคิวแอลให้เหมาะกับลักษณะงานที่ต้องการ การจัดเก็บและแลกเปลี่ยนข้อมูลด้วยรูปแบบเจสัน");
INSERT INTO subject
VALUES ("INT307", "Security I","-");
INSERT INTO subject
VALUES ("INT314", "Applied Mathematics for Data Science","-");
INSERT INTO subject
VALUES ("GEN241", "Beauty of Life","-");
INSERT INTO subject
VALUES ("LNG320", "Content-based Language Learning","-");
INSERT INTO subject
VALUES ("INT308", "SECURITY II","บริการด้านความมั่นคง กลไกและมาตรการตอบโต้การบุกรุก คุณสมบัติด้านความมั่นคง ลักษณะการบุกรุกและวิธีตรวจสอบ ระบบที่เชื่อมั่นได้สูง จุดอ่อน การคุกคามและความเสี่ยง การเข้ารหัสลับเบื้องต้น จุดอ่อนของระบบเว็บและโมบาย");
INSERT INTO subject
VALUES ("INT319", "Information Technology Professional Practice","-");
INSERT INTO subject
VALUES ("INT321", "Information Technology Seminar I","-");
INSERT INTO subject
VALUES ("INT339", "Preparation for Career Training","-");
INSERT INTO subject
VALUES ("INT340", "Career Training","-");
INSERT INTO subject
VALUES ("INT365-371", "Capstone Information Technology Project I","โครงงานรวบยอดเทคโนโลยีสารสนเทศสำหรับนักศึกษาปี 3 เทอม 2 การนำเสนอโครงงาน การศึกษาความเป็นไปได้ การวิเคราะห์และออกแบบ การพัฒนา รายงานและการนำเสนอผลงาน");
INSERT INTO subject
VALUES ("GEN351", "Modern Management and Leadership","This course examines the modern management concept including basic functions of managementplanning, organizing, controlling, decision-making, communication, motivation, leadership, human resource management, management of information systems, social responsibilityand its application to particular circumstances.");
INSERT INTO subject
VALUES ("INT366-372", "Capstone Information Technology Project II",
"Information technology capstone project for senior students, continuation of Information Technology capstone Project I (INT 365), complete the implementation, testing, deployment, report and project presentation");
INSERT INTO subject
VALUES ("LNG224", "Oral Communication","-");
INSERT INTO subject
VALUES ("INT322", "Information Technology Seminar II","-");
INSERT INTO subject
VALUES ("LNG304", "Meetings and Discussions","-");
INSERT INTO subject
VALUES ("INT350", "Cooperative Study (16 สัปดาห์)","-");
INSERT INTO subject
VALUES ("INT370", "Work Integrated Learning (24 สัปดาห์)","-");
-- insert classes
INSERT INTO classes (`subject_id`,`academic_year`,`semester`,`sec`) VALUES 
("INT100",2563,1,1);
INSERT INTO classes (`subject_id`,`academic_year`,`semester`,`sec`) VALUES 
("INT100",2563,1,2);
INSERT INTO classes (`subject_id`,`academic_year`,`semester`,`sec`) VALUES 
("INT101",2563,1,1);
INSERT INTO classes (`subject_id`,`academic_year`,`semester`,`sec`) VALUES 
("INT101",2563,1,2);
INSERT INTO classes (`subject_id`,`academic_year`,`semester`,`sec`) VALUES 
("INT102",2563,1,1);
INSERT INTO classes (`subject_id`,`academic_year`,`semester`,`sec`) VALUES 
("INT102",2563,1,2);
INSERT INTO classes (`subject_id`,`academic_year`,`semester`,`sec`) VALUES 
("INT114",2563,1,1);
INSERT INTO classes (`subject_id`,`academic_year`,`semester`,`sec`) VALUES 
("INT114",2563,1,2);
INSERT INTO classes (`subject_id`,`academic_year`,`semester`,`sec`) VALUES 
("GEN101",2563,1,1);
INSERT INTO classes (`subject_id`,`academic_year`,`semester`,`sec`) VALUES 
("GEN101",2563,1,2);
INSERT INTO classes (`subject_id`,`academic_year`,`semester`,`sec`) VALUES 
("GEN111",2563,1,1);
INSERT INTO classes (`subject_id`,`academic_year`,`semester`,`sec`) VALUES 
("GEN111",2563,1,2);
INSERT INTO classes (`subject_id`,`academic_year`,`semester`,`sec`) VALUES 
("LNG120",2563,1,1);
INSERT INTO classes (`subject_id`,`academic_year`,`semester`,`sec`) VALUES 
("LNG120",2563,1,2);
INSERT INTO classes (`subject_id`,`academic_year`,`semester`,`sec`) VALUES 
("LNG220",2563,1,1);
INSERT INTO classes (`subject_id`,`academic_year`,`semester`,`sec`) VALUES 
("LNG220",2563,1,2);

INSERT INTO classes (`subject_id`,`academic_year`,`semester`,`sec`) VALUES 
("INT103",2563,2,1);
INSERT INTO classes (`subject_id`,`academic_year`,`semester`,`sec`) VALUES 
("INT103",2563,2,2);
INSERT INTO classes (`subject_id`,`academic_year`,`semester`,`sec`) VALUES 
("INT104",2563,2,1);
INSERT INTO classes (`subject_id`,`academic_year`,`semester`,`sec`) VALUES 
("INT104",2563,2,2);
INSERT INTO classes (`subject_id`,`academic_year`,`semester`,`sec`) VALUES 
("INT105",2563,2,1);
INSERT INTO classes (`subject_id`,`academic_year`,`semester`,`sec`) VALUES 
("INT105",2563,2,2);
INSERT INTO classes (`subject_id`,`academic_year`,`semester`,`sec`) VALUES 
("INT107",2563,2,1);
INSERT INTO classes (`subject_id`,`academic_year`,`semester`,`sec`) VALUES 
("INT107",2563,2,2);
INSERT INTO classes (`subject_id`,`academic_year`,`semester`,`sec`) VALUES 
("INT200",2563,2,1);
INSERT INTO classes (`subject_id`,`academic_year`,`semester`,`sec`) VALUES 
("INT200",2563,2,2);
INSERT INTO classes (`subject_id`,`academic_year`,`semester`,`sec`) VALUES 
("LNG220",2563,2,1);
INSERT INTO classes (`subject_id`,`academic_year`,`semester`,`sec`) VALUES 
("LNG220",2563,2,2);
INSERT INTO classes (`subject_id`,`academic_year`,`semester`,`sec`) VALUES 
("LNG202",2563,2,1);
INSERT INTO classes (`subject_id`,`academic_year`,`semester`,`sec`) VALUES 
("LNG202",2563,2,2);

INSERT INTO classes (`subject_id`,`academic_year`,`semester`,`sec`) VALUES 
("INT201",2564,1,1);
INSERT INTO classes (`subject_id`,`academic_year`,`semester`,`sec`) VALUES 
("INT201",2564,1,2);
INSERT INTO classes (`subject_id`,`academic_year`,`semester`,`sec`) VALUES 
("INT202",2564,1,1);
INSERT INTO classes (`subject_id`,`academic_year`,`semester`,`sec`) VALUES 
("INT202",2564,1,2);
INSERT INTO classes (`subject_id`,`academic_year`,`semester`,`sec`) VALUES 
("INT205",2564,1,1);
INSERT INTO classes (`subject_id`,`academic_year`,`semester`,`sec`) VALUES 
("INT205",2564,1,2);
INSERT INTO classes (`subject_id`,`academic_year`,`semester`,`sec`) VALUES 
("INT207",2564,1,1);
INSERT INTO classes (`subject_id`,`academic_year`,`semester`,`sec`) VALUES 
("INT207",2564,1,2);
INSERT INTO classes (`subject_id`,`academic_year`,`semester`,`sec`) VALUES 
("INT214",2564,1,1);
INSERT INTO classes (`subject_id`,`academic_year`,`semester`,`sec`) VALUES 
("INT214",2564,1,2);
INSERT INTO classes (`subject_id`,`academic_year`,`semester`,`sec`) VALUES 
("GEN231",2564,1,1);
INSERT INTO classes (`subject_id`,`academic_year`,`semester`,`sec`) VALUES 
("GEN231",2564,1,2);
INSERT INTO classes (`subject_id`,`academic_year`,`semester`,`sec`) VALUES 
("LNG202",2564,1,1);
INSERT INTO classes (`subject_id`,`academic_year`,`semester`,`sec`) VALUES 
("LNG202",2564,1,2);
INSERT INTO classes (`subject_id`,`academic_year`,`semester`,`sec`) VALUES 
("LNG332",2564,1,1);
INSERT INTO classes (`subject_id`,`academic_year`,`semester`,`sec`) VALUES 
("LNG332",2564,1,1);
INSERT INTO classes (`subject_id`,`academic_year`,`semester`,`sec`) VALUES 
("INT203",2564,2,1);
INSERT INTO classes (`subject_id`,`academic_year`,`semester`,`sec`) VALUES 
("INT203",2564,2,2);
INSERT INTO classes (`subject_id`,`academic_year`,`semester`,`sec`) VALUES 
("INT204",2564,2,1);
INSERT INTO classes (`subject_id`,`academic_year`,`semester`,`sec`) VALUES 
("INT204",2564,2,2);
INSERT INTO classes (`subject_id`,`academic_year`,`semester`,`sec`) VALUES 
("INT206",2564,2,1);
INSERT INTO classes (`subject_id`,`academic_year`,`semester`,`sec`) VALUES 
("INT206",2564,2,2);
INSERT INTO classes (`subject_id`,`academic_year`,`semester`,`sec`) VALUES 
("INT208",2564,2,1);
INSERT INTO classes (`subject_id`,`academic_year`,`semester`,`sec`) VALUES 
("INT208",2564,2,2);
INSERT INTO classes (`subject_id`,`academic_year`,`semester`,`sec`) VALUES 
("INT209",2564,2,1);
INSERT INTO classes (`subject_id`,`academic_year`,`semester`,`sec`) VALUES 
("INT209",2564,2,2);
INSERT INTO classes (`subject_id`,`academic_year`,`semester`,`sec`) VALUES 
("INT210",2564,2,1);
INSERT INTO classes (`subject_id`,`academic_year`,`semester`,`sec`) VALUES 
("INT210",2564,2,2);
INSERT INTO classes (`subject_id`,`academic_year`,`semester`,`sec`) VALUES 
("INT221",2564,2,1);
INSERT INTO classes (`subject_id`,`academic_year`,`semester`,`sec`) VALUES 
("INT221",2564,2,2);
INSERT INTO classes (`subject_id`,`academic_year`,`semester`,`sec`) VALUES 
("LNG308",2564,2,1);
INSERT INTO classes (`subject_id`,`academic_year`,`semester`,`sec`) VALUES 
("LNG308",2564,2,2);
INSERT INTO classes (`subject_id`,`academic_year`,`semester`,`sec`) VALUES 
("INT222",2565,1,1);
INSERT INTO classes (`subject_id`,`academic_year`,`semester`,`sec`) VALUES 
("INT222",2565,1,2);
INSERT INTO classes (`subject_id`,`academic_year`,`semester`,`sec`) VALUES 
("INT305",2565,1,1);
INSERT INTO classes (`subject_id`,`academic_year`,`semester`,`sec`) VALUES 
("INT305",2565,1,2);
INSERT INTO classes (`subject_id`,`academic_year`,`semester`,`sec`) VALUES 
("INT307",2565,1,1);
INSERT INTO classes (`subject_id`,`academic_year`,`semester`,`sec`) VALUES 
("INT307",2565,1,2);
INSERT INTO classes (`subject_id`,`academic_year`,`semester`,`sec`) VALUES 
("INT314",2565,1,1);
INSERT INTO classes (`subject_id`,`academic_year`,`semester`,`sec`) VALUES 
("INT314",2565,1,2);
INSERT INTO classes (`subject_id`,`academic_year`,`semester`,`sec`) VALUES 
("GEN241",2565,1,1);
INSERT INTO classes (`subject_id`,`academic_year`,`semester`,`sec`) VALUES 
("GEN241",2565,1,2);
INSERT INTO classes (`subject_id`,`academic_year`,`semester`,`sec`) VALUES 
("LNG320",2565,1,1);
INSERT INTO classes (`subject_id`,`academic_year`,`semester`,`sec`) VALUES 
("LNG320",2565,1,2);
INSERT INTO classes (`subject_id`,`academic_year`,`semester`,`sec`) VALUES 
("INT308",2565,2,1);
INSERT INTO classes (`subject_id`,`academic_year`,`semester`,`sec`) VALUES 
("INT308",2565,2,2);
INSERT INTO classes (`subject_id`,`academic_year`,`semester`,`sec`) VALUES 
("INT319",2565,2,1);
INSERT INTO classes (`subject_id`,`academic_year`,`semester`,`sec`) VALUES 
("INT319",2565,2,2);
INSERT INTO classes (`subject_id`,`academic_year`,`semester`,`sec`) VALUES 
("INT321",2565,2,1);
INSERT INTO classes (`subject_id`,`academic_year`,`semester`,`sec`) VALUES 
("INT321",2565,2,2);
INSERT INTO classes (`subject_id`,`academic_year`,`semester`,`sec`) VALUES 
("INT339",2565,2,1);
INSERT INTO classes (`subject_id`,`academic_year`,`semester`,`sec`) VALUES 
("INT339",2565,2,2);
INSERT INTO classes (`subject_id`,`academic_year`,`semester`,`sec`) VALUES 
("INT340",2565,2,1);
INSERT INTO classes (`subject_id`,`academic_year`,`semester`,`sec`) VALUES 
("INT340",2565,2,2);
INSERT INTO classes (`subject_id`,`academic_year`,`semester`,`sec`) VALUES 
("INT365-371",2565,2,1);
INSERT INTO classes (`subject_id`,`academic_year`,`semester`,`sec`) VALUES 
("INT365-371",2565,2,2);
INSERT INTO classes (`subject_id`,`academic_year`,`semester`,`sec`) VALUES 
("GEN351",2565,2,1);
INSERT INTO classes (`subject_id`,`academic_year`,`semester`,`sec`) VALUES 
("GEN351",2565,2,2);
INSERT INTO classes (`subject_id`,`academic_year`,`semester`,`sec`) VALUES 
("INT350",2565,2,1);
INSERT INTO classes (`subject_id`,`academic_year`,`semester`,`sec`) VALUES 
("INT350",2565,2,2);
INSERT INTO classes (`subject_id`,`academic_year`,`semester`,`sec`) VALUES 
("INT321",2565,2,1);
INSERT INTO classes (`subject_id`,`academic_year`,`semester`,`sec`) VALUES 
("INT321",2565,2,2);
INSERT INTO classes (`subject_id`,`academic_year`,`semester`,`sec`) VALUES 
("INT370",2565,2,1);
INSERT INTO classes (`subject_id`,`academic_year`,`semester`,`sec`) VALUES 
("INT370",2565,2,2);
INSERT INTO classes (`subject_id`,`academic_year`,`semester`,`sec`) VALUES 
("INT366-372",2565,2,1);
INSERT INTO classes (`subject_id`,`academic_year`,`semester`,`sec`) VALUES 
("INT366-372",2565,2,2);

INSERT INTO classes (`subject_id`,`academic_year`,`semester`,`sec`) VALUES 
("INT365-371",2566,1,1);
INSERT INTO classes (`subject_id`,`academic_year`,`semester`,`sec`) VALUES 
("INT365-371",2566,1,2);
INSERT INTO classes (`subject_id`,`academic_year`,`semester`,`sec`) VALUES 
("LNG224",2566,1,1);
INSERT INTO classes (`subject_id`,`academic_year`,`semester`,`sec`) VALUES 
("LNG224",2566,1,2);
INSERT INTO classes (`subject_id`,`academic_year`,`semester`,`sec`) VALUES 
("INT366-372",2566,2,1);
INSERT INTO classes (`subject_id`,`academic_year`,`semester`,`sec`) VALUES 
("INT366-372",2566,2,2);
INSERT INTO classes (`subject_id`,`academic_year`,`semester`,`sec`) VALUES 
("INT322",2566,2,1);
INSERT INTO classes (`subject_id`,`academic_year`,`semester`,`sec`) VALUES 
("INT322",2566,2,2);
INSERT INTO classes (`subject_id`,`academic_year`,`semester`,`sec`) VALUES 
("LNG304",2566,2,1);
INSERT INTO classes (`subject_id`,`academic_year`,`semester`,`sec`) VALUES 
("LNG304",2566,2,2);
INSERT INTO classes (`subject_id`,`academic_year`,`semester`,`sec`) VALUES 
("INT308",2566,2,1);
INSERT INTO classes (`subject_id`,`academic_year`,`semester`,`sec`) VALUES 
("INT308",2566,2,2);
INSERT INTO classes (`subject_id`,`academic_year`,`semester`,`sec`) VALUES 
("INT319",2566,2,1);
INSERT INTO classes (`subject_id`,`academic_year`,`semester`,`sec`) VALUES 
("INT319",2566,2,2);
INSERT INTO classes (`subject_id`,`academic_year`,`semester`,`sec`) VALUES 
("GEN351",2566,2,1);
INSERT INTO classes (`subject_id`,`academic_year`,`semester`,`sec`) VALUES 
("GEN351",2566,2,2);
-- insert title
select * from title;
INSERT INTO title (`title`,`title_description`,`full_score`)
VALUES ("การสอบเก็บคะแนนวิชา INT365/371", "ครั้งที่1 เก็บ15%",30);
INSERT INTO title (`title`,`title_description`,`full_score`)
VALUES ("การสอบเก็บคะแนนวิชา INT365/371", "ครั้งที่2 เก็บ30%",60);
INSERT INTO title (`title`,`title_description`,`full_score`)
VALUES ("ทดสอบระบบ INT308", "ครั้งที่1",0);
INSERT INTO title (`title`,`title_description`,`full_score`)
VALUES ("การสอบเก็บคะแนนวิชา INT366/372", "ครั้งที่1 เก็บ60%",100);
INSERT INTO title (`title`,`title_description`,`full_score`)
VALUES ("การสอบเก็บคะแนนวิชา INT206", "ครั้งที่1 เก็บ10%",30);
INSERT INTO title (`title`,`title_description`,`full_score`)
VALUES ("ทดสอบระบบ INT205","-",0);
INSERT INTO title (`title`,`title_description`,`full_score`)
VALUES ("ทดสอบระบบ INT204","-",0);
-- insert enrollments
INSERT INTO enrollments (`student_id`, `class_id`) VALUES
(63130500086, 32);
INSERT INTO enrollments (`student_id`, `class_id`) VALUES
(63130500086, 34);
INSERT INTO enrollments (`student_id`, `class_id`) VALUES
(63130500086, 36);
INSERT INTO enrollments (`student_id`, `class_id`) VALUES
(63130500086, 38);
INSERT INTO enrollments (`student_id`, `class_id`) VALUES
(63130500086, 50);
INSERT INTO enrollments (`student_id`, `class_id`) VALUES
(63130500086, 58);
INSERT INTO enrollments (`student_id`, `class_id`) VALUES
(63130500086, 64);
INSERT INTO enrollments (`student_id`, `class_id`) VALUES
(63130500086, 68);
INSERT INTO enrollments (`student_id`, `class_id`) VALUES
(63130500086, 90);
INSERT INTO enrollments (`student_id`, `class_id`) VALUES
(63130500086, 98);
INSERT INTO enrollments (`student_id`, `class_id`) VALUES
(63130500086, 102);
INSERT INTO enrollments (`student_id`, `class_id`) VALUES
(63130500086, 107);
INSERT INTO enrollments (`student_id`, `class_id`) VALUES
(63130500086, 110);
INSERT INTO enrollments (`student_id`, `class_id`) VALUES
(63130500105, 32);
INSERT INTO enrollments (`student_id`, `class_id`) VALUES
(63130500105, 34);
INSERT INTO enrollments (`student_id`, `class_id`) VALUES
(63130500105, 36);
INSERT INTO enrollments (`student_id`, `class_id`) VALUES
(63130500105, 38);
INSERT INTO enrollments (`student_id`, `class_id`) VALUES
(63130500105, 50);
INSERT INTO enrollments (`student_id`, `class_id`) VALUES
(63130500105, 58);
INSERT INTO enrollments (`student_id`, `class_id`) VALUES
(63130500105, 64);
INSERT INTO enrollments (`student_id`, `class_id`) VALUES
(63130500105, 68);
INSERT INTO enrollments (`student_id`, `class_id`) VALUES
(63130500105, 90);
INSERT INTO enrollments (`student_id`, `class_id`) VALUES
(63130500105, 98);
INSERT INTO enrollments (`student_id`, `class_id`) VALUES
(63130500105, 102);
INSERT INTO enrollments (`student_id`, `class_id`) VALUES
(63130500105, 107);
INSERT INTO enrollments (`student_id`, `class_id`) VALUES
(63130500105, 110);
select * from classes
where subject_id = "INT308";
-- insert scores
INSERT INTO scores (`scores`,`note`,`title_id`,`std_id`,`class_id`)
VALUES (20,"-",1,63130500086,98);
INSERT INTO scores (`scores`,`note`,`title_id`,`std_id`,`class_id`)
VALUES (20,"-",1,63130500105,98);
INSERT INTO scores (`scores`,`note`,`title_id`,`std_id`,`class_id`)
VALUES (40,"-",2,63130500086,98);
INSERT INTO scores (`scores`,`note`,`title_id`,`std_id`,`class_id`)
VALUES (40,"-",2,63130500105,98);
INSERT INTO scores (`scores`,`note`,`title_id`,`std_id`,`class_id`)
VALUES (75,"-",4,63130500086,102);
INSERT INTO scores (`scores`,`note`,`title_id`,`std_id`,`class_id`)
VALUES (75,"-",4,63130500105,102);
INSERT INTO scores (`scores`,`note`,`title_id`,`std_id`,`class_id`)
VALUES (30,"-",5,63130500086,52);
INSERT INTO scores (`scores`,`note`,`title_id`,`std_id`,`class_id`)
VALUES (7,"-",5,63130500105,52);
INSERT INTO scores (`scores`,`note`,`title_id`,`std_id`,`class_id`)
VALUES (0,"test system",6,63130500086,36);
INSERT INTO scores (`scores`,`note`,`title_id`,`std_id`,`class_id`)
VALUES (0,"test system",6,63130500105,36);
INSERT INTO scores (`scores`,`note`,`title_id`,`std_id`,`class_id`)
VALUES (0,"ทดสอบระบบ",7,63130500086,50);
INSERT INTO scores (`scores`,`note`,`title_id`,`std_id`,`class_id`)
VALUES (0,"ทดสอบระบบ",7,63130500105,50);
INSERT INTO scores (`scores`,`note`,`title_id`,`std_id`,`class_id`)
VALUES (0,"ทดสอบระบบ INT308",3,63130500086,108);
INSERT INTO scores (`scores`,`note`,`title_id`,`std_id`,`class_id`)
VALUES (0,"ทดสอบระบบ INT308",3,63130500105,8);
-- insert classes_supervisor
INSERT INTO classes_supervisor VALUES
(1001,3);
INSERT INTO classes_supervisor VALUES
(1001,4);
INSERT INTO classes_supervisor VALUES
(1001,18);
INSERT INTO classes_supervisor VALUES
(1001,19);
INSERT INTO classes_supervisor VALUES
(1001,33);
INSERT INTO classes_supervisor VALUES
(1001,34);
INSERT INTO classes_supervisor VALUES
(1001,49);
INSERT INTO classes_supervisor VALUES
(1001,50);
INSERT INTO classes_supervisor VALUES
(1001,59);
INSERT INTO classes_supervisor VALUES
(1001,60);
INSERT INTO classes_supervisor VALUES
(1001,63);
INSERT INTO classes_supervisor VALUES
(1001,64);
INSERT INTO classes_supervisor VALUES
(1001,85);
INSERT INTO classes_supervisor VALUES
(1001,86);
INSERT INTO classes_supervisor VALUES
(1001,95);
INSERT INTO classes_supervisor VALUES
(1001,96);
INSERT INTO classes_supervisor VALUES
(1001,97);
INSERT INTO classes_supervisor VALUES
(1001,98);
INSERT INTO classes_supervisor VALUES
(1001,101);
INSERT INTO classes_supervisor VALUES
(1001,102);
INSERT INTO classes_supervisor VALUES
(1003,21);
INSERT INTO classes_supervisor VALUES
(1003,22);
INSERT INTO classes_supervisor VALUES
(1003,35);
INSERT INTO classes_supervisor VALUES
(1003,36);
INSERT INTO classes_supervisor VALUES
(1003,51);
INSERT INTO classes_supervisor VALUES
(1003,52);
INSERT INTO classes_supervisor VALUES
(1003,59);
INSERT INTO classes_supervisor VALUES
(1003,60);
INSERT INTO classes_supervisor VALUES
(1003,63);
INSERT INTO classes_supervisor VALUES
(1003,64);
INSERT INTO classes_supervisor VALUES
(1003,65);
INSERT INTO classes_supervisor VALUES
(1003,66);
INSERT INTO classes_supervisor VALUES
(1003,85);
INSERT INTO classes_supervisor VALUES
(1003,86);
INSERT INTO classes_supervisor VALUES
(1003,95);
INSERT INTO classes_supervisor VALUES
(1003,96);
INSERT INTO classes_supervisor VALUES
(1003,97);
INSERT INTO classes_supervisor VALUES
(1003,98);
INSERT INTO classes_supervisor VALUES
(1003,101);
INSERT INTO classes_supervisor VALUES
(1003,102);
INSERT INTO classes_supervisor VALUES
(1005,7);
INSERT INTO classes_supervisor VALUES
(1005,8);
INSERT INTO classes_supervisor VALUES
(1005,23);
INSERT INTO classes_supervisor VALUES
(1005,24);
INSERT INTO classes_supervisor VALUES
(1005,25);
INSERT INTO classes_supervisor VALUES
(1005,26);
INSERT INTO classes_supervisor VALUES
(1005,53);
INSERT INTO classes_supervisor VALUES
(1005,54);
INSERT INTO classes_supervisor VALUES
(1005,55);
INSERT INTO classes_supervisor VALUES
(1005,56);
INSERT INTO classes_supervisor VALUES
(1005,57);
INSERT INTO classes_supervisor VALUES
(1005,58);
INSERT INTO classes_supervisor VALUES
(1005,59);
INSERT INTO classes_supervisor VALUES
(1005,60);
INSERT INTO classes_supervisor VALUES
(1005,63);
INSERT INTO classes_supervisor VALUES
(1005,64);
INSERT INTO classes_supervisor VALUES
(1005,67);
INSERT INTO classes_supervisor VALUES
(1005,68);
INSERT INTO classes_supervisor VALUES
(1005,85);
INSERT INTO classes_supervisor VALUES
(1005,86);
INSERT INTO classes_supervisor VALUES
(1005,95);
INSERT INTO classes_supervisor VALUES
(1005,96);
INSERT INTO classes_supervisor VALUES
(1005,97);
INSERT INTO classes_supervisor VALUES
(1005,98);
INSERT INTO classes_supervisor VALUES
(1005,101);
INSERT INTO classes_supervisor VALUES
(1005,102);
INSERT INTO classes_supervisor VALUES
(1006,7);
INSERT INTO classes_supervisor VALUES
(1006,8);
INSERT INTO classes_supervisor VALUES
(1006,23);
INSERT INTO classes_supervisor VALUES
(1006,24);
INSERT INTO classes_supervisor VALUES
(1006,25);
INSERT INTO classes_supervisor VALUES
(1006,26);
INSERT INTO classes_supervisor VALUES
(1006,53);
INSERT INTO classes_supervisor VALUES
(1006,54);
INSERT INTO classes_supervisor VALUES
(1006,55);
INSERT INTO classes_supervisor VALUES
(1006,56);
INSERT INTO classes_supervisor VALUES
(1006,57);
INSERT INTO classes_supervisor VALUES
(1006,58);
INSERT INTO classes_supervisor VALUES
(1006,59);
INSERT INTO classes_supervisor VALUES
(1006,60);
INSERT INTO classes_supervisor VALUES
(1006,63);
INSERT INTO classes_supervisor VALUES
(1006,64);
INSERT INTO classes_supervisor VALUES
(1006,67);
INSERT INTO classes_supervisor VALUES
(1006,68);
INSERT INTO classes_supervisor VALUES
(1006,85);
INSERT INTO classes_supervisor VALUES
(1006,86);
INSERT INTO classes_supervisor VALUES
(1006,95);
INSERT INTO classes_supervisor VALUES
(1006,96);
INSERT INTO classes_supervisor VALUES
(1006,97);
INSERT INTO classes_supervisor VALUES
(1006,98);
INSERT INTO classes_supervisor VALUES
(1006,101);
INSERT INTO classes_supervisor VALUES
(1006,102);
INSERT INTO classes_supervisor VALUES
(63130500029,3);
INSERT INTO classes_supervisor VALUES
(63130500029,4);
INSERT INTO classes_supervisor VALUES
(63130500029,18);
INSERT INTO classes_supervisor VALUES
(63130500029,19);
INSERT INTO classes_supervisor VALUES
(63130500029,33);
INSERT INTO classes_supervisor VALUES
(63130500029,34);
INSERT INTO classes_supervisor VALUES
(63130500029,49);
INSERT INTO classes_supervisor VALUES
(63130500029,50);
INSERT INTO classes_supervisor VALUES
(63130500029,59);
INSERT INTO classes_supervisor VALUES
(63130500029,60);
INSERT INTO classes_supervisor VALUES
(63130500029,63);
INSERT INTO classes_supervisor VALUES
(63130500029,64);
INSERT INTO classes_supervisor VALUES
(63130500029,85);
INSERT INTO classes_supervisor VALUES
(63130500029,86);
INSERT INTO classes_supervisor VALUES
(63130500029,95);
INSERT INTO classes_supervisor VALUES
(63130500029,96);
INSERT INTO classes_supervisor VALUES
(63130500029,97);
INSERT INTO classes_supervisor VALUES
(63130500029,98);
INSERT INTO classes_supervisor VALUES
(63130500029,101);
INSERT INTO classes_supervisor VALUES
(63130500029,102);
-- insert staff_supervisor
-- INSERT INTO staff_supervisor
-- VALUES (1,01);
-- INSERT INTO staff_supervisor
-- VALUES (2,02);
-- INSERT INTO staff_supervisor
-- VALUES (3,03);
-- INSERT INTO staff_supervisor
-- VALUES (4,01);
-- INSERT INTO staff_supervisor
-- VALUES (5,02);
-- INSERT INTO staff_supervisor
-- VALUES (6,03);
-- INSERT INTO staff_supervisor
-- VALUES (7,01);
